{
    "metrics": {
        "http_reqs": {
            "rate": 26.842791013282053,
            "count": 3513
        },
        "http_req_duration": {
            "p(90)": 72.9811,
            "p(95)": 81.3864,
            "avg": 75.7571932251635,
            "min": 41.2837,
            "med": 56.7138,
            "max": 4658.0971
        },
        "http_req_duration{expected_response:true}": {
            "p(90)": 72.9811,
            "p(95)": 81.3864,
            "avg": 75.7571932251635,
            "min": 41.2837,
            "med": 56.7138,
            "max": 4658.0971
        },
        "data_received": {
            "count": 440492,
            "rate": 3365.7941073221286
        },
        "data_sent": {
            "count": 475111,
            "rate": 3630.3174725623253
        },
        "vus_max": {
            "value": 50,
            "min": 50,
            "max": 50
        },
        "iteration_duration": {
            "min": 1041.5102,
            "med": 1057.2525,
            "max": 5658.7471,
            "p(90)": 1074.84838,
            "p(95)": 1087.1781799999999,
            "avg": 1077.2228215200694
        },
        "checks": {
            "passes": 3513,
            "fails": 0,
            "value": 1
        },
        "login_duration": {
            "p(95)": 81.3864,
            "avg": 75.7571932251635,
            "min": 41.2837,
            "med": 56.7138,
            "max": 4658.0971,
            "p(90)": 72.9811
        },
        "http_req_receiving": {
            "avg": 0.163910873896954,
            "min": 0,
            "med": 0,
            "max": 14.0388,
            "p(90)": 0.7318000000000001,
            "p(95)": 0.8964599999999995
        },
        "vus": {
            "value": 4,
            "min": 1,
            "max": 50
        },
        "http_req_connecting": {
            "avg": 0.42374662681468844,
            "min": 0,
            "med": 0,
            "max": 136.9804,
            "p(90)": 0,
            "p(95)": 0
        },
        "http_req_tls_handshaking": {
            "med": 0,
            "max": 68.0207,
            "p(90)": 0,
            "p(95)": 0,
            "avg": 0.5250099629945916,
            "min": 0
        },
        "http_req_blocked": {
            "p(95)": 0,
            "avg": 0.9612451181326501,
            "min": 0,
            "med": 0,
            "max": 166.7473,
            "p(90)": 0
        },
        "http_req_waiting": {
            "max": 4658.0971,
            "p(90)": 72.67438,
            "p(95)": 81.28915999999998,
            "avg": 75.48547893538272,
            "min": 41.0171,
            "med": 56.3723
        },
        "iterations": {
            "count": 3513,
            "rate": 26.842791013282053
        },
        "http_req_sending": {
            "max": 14.8298,
            "p(90)": 0.48914000000000035,
            "p(95)": 0.5165999999999998,
            "avg": 0.10780341588386012,
            "min": 0,
            "med": 0
        },
        "http_req_failed": {
            "passes": 0,
            "fails": 3513,
            "value": 0
        }
    },
    "root_group": {
        "name": "",
        "path": "",
        "id": "d41d8cd98f00b204e9800998ecf8427e",
        "groups": {},
        "checks": {
                "Login request returned 200": {
                    "name": "Login request returned 200",
                    "path": "::Login request returned 200",
                    "id": "572a92ec029029b4b9c772e6bd54fb50",
                    "passes": 3513,
                    "fails": 0
                }
            }
    }
}