{
    "root_group": {
        "groups": {},
        "checks": {
                "Login request returned 200": {
                    "name": "Login request returned 200",
                    "path": "::Login request returned 200",
                    "id": "572a92ec029029b4b9c772e6bd54fb50",
                    "passes": 268,
                    "fails": 0
                }
            },
        "name": "",
        "path": "",
        "id": "d41d8cd98f00b204e9800998ecf8427e"
    },
    "metrics": {
        "data_sent": {
            "rate": 1087.4078529010264,
            "count": 39142
        },
        "data_received": {
            "rate": 1483.5941333726819,
            "count": 53403
        },
        "http_req_duration": {
            "avg": 61.33943208955222,
            "min": 40.3431,
            "med": 50.5434,
            "max": 2015.3287,
            "p(90)": 69.24949000000001,
            "p(95)": 75.39620999999994
        },
        "http_req_connecting": {
            "max": 26.121,
            "p(90)": 0,
            "p(95)": 0,
            "avg": 0.7854977611940298,
            "min": 0,
            "med": 0
        },
        "checks": {
            "passes": 268,
            "fails": 0,
            "value": 1
        },
        "http_req_blocked": {
            "avg": 2.0934373134328355,
            "min": 0,
            "med": 0,
            "max": 88.6599,
            "p(90)": 0,
            "p(95)": 0
        },
        "http_req_tls_handshaking": {
            "min": 0,
            "med": 0,
            "max": 52.2691,
            "p(90)": 0,
            "p(95)": 0,
            "avg": 1.2520425373134327
        },
        "http_req_receiving": {
            "avg": 0.044070895522388055,
            "min": 0,
            "med": 0,
            "max": 1.0358,
            "p(90)": 0,
            "p(95)": 0.35756499999999747
        },
        "vus_max": {
            "value": 10,
            "min": 10,
            "max": 10
        },
        "login_duration": {
            "min": 40.3431,
            "med": 50.5434,
            "max": 2015.3287,
            "p(90)": 69.24949000000001,
            "p(95)": 75.39620999999994,
            "avg": 61.33943208955222
        },
        "vus": {
            "value": 1,
            "min": 1,
            "max": 10
        },
        "iteration_duration": {
            "min": 1040.6539,
            "med": 1051.07525,
            "max": 3016.0961,
            "p(90)": 1072.07718,
            "p(95)": 1097.56581,
            "avg": 1064.0011511194036
        },
        "iterations": {
            "count": 268,
            "rate": 7.445335051286983
        },
        "http_req_waiting": {
            "avg": 61.247169776119364,
            "min": 39.9306,
            "med": 50.4266,
            "max": 2015.3287,
            "p(90)": 69.24949000000001,
            "p(95)": 75.39620999999994
        },
        "http_req_failed": {
            "fails": 268,
            "passes": 0,
            "value": 0
        },
        "http_reqs": {
            "count": 268,
            "rate": 7.445335051286983
        },
        "http_req_duration{expected_response:true}": {
            "avg": 61.33943208955222,
            "min": 40.3431,
            "med": 50.5434,
            "max": 2015.3287,
            "p(90)": 69.24949000000001,
            "p(95)": 75.39620999999994
        },
        "http_req_sending": {
            "med": 0,
            "max": 0.6482,
            "p(90)": 0.19142,
            "p(95)": 0.2160899999999999,
            "avg": 0.04819141791044775,
            "min": 0
        }
    }
}