{
    "root_group": {
        "name": "",
        "path": "",
        "id": "d41d8cd98f00b204e9800998ecf8427e",
        "groups": {},
        "checks": {
                "Login request returned 200": {
                    "name": "Login request returned 200",
                    "path": "::Login request returned 200",
                    "id": "572a92ec029029b4b9c772e6bd54fb50",
                    "passes": 3537,
                    "fails": 0
                }
            }
    },
    "metrics": {
        "iterations": {
            "rate": 27.048532376381292,
            "count": 3537
        },
        "http_req_duration{expected_response:true}": {
            "p(95)": 84.077,
            "avg": 67.0038242295732,
            "min": 41.9639,
            "med": 60.4389,
            "max": 2497.5082,
            "p(90)": 76.58188000000001
        },
        "iteration_duration": {
            "p(90)": 1078.41164,
            "p(95)": 1089.1449599999999,
            "avg": 1069.379248713601,
            "min": 1042.4795,
            "med": 1061.7938,
            "max": 3499.4718
        },
        "login_duration": {
            "min": 41.9639,
            "med": 60.4389,
            "max": 2497.5082,
            "p(90)": 76.58188000000001,
            "p(95)": 84.077,
            "avg": 67.0038242295732
        },
        "vus": {
            "value": 3,
            "min": 1,
            "max": 50
        },
        "data_received": {
            "count": 442493,
            "rate": 3383.8807568057923
        },
        "http_req_sending": {
            "med": 0.5424,
            "max": 18.8985,
            "p(90)": 1.07088,
            "p(95)": 1.4887599999999996,
            "avg": 0.5765273112807469,
            "min": 0
        },
        "http_req_failed": {
            "passes": 0,
            "fails": 3537,
            "value": 0
        },
        "http_reqs": {
            "count": 3537,
            "rate": 27.048532376381292
        },
        "http_req_waiting": {
            "min": 41.0485,
            "med": 59.295,
            "max": 2494.4729,
            "p(90)": 75.20484,
            "p(95)": 83.06099999999998,
            "avg": 65.75210288379976
        },
        "http_req_tls_handshaking": {
            "med": 0,
            "max": 85.1884,
            "p(90)": 0,
            "p(95)": 0,
            "avg": 0.6702707661860332,
            "min": 0
        },
        "http_req_duration": {
            "p(90)": 76.58188000000001,
            "p(95)": 84.077,
            "avg": 67.0038242295732,
            "min": 41.9639,
            "med": 60.4389,
            "max": 2497.5082
        },
        "http_req_blocked": {
            "p(90)": 0,
            "p(95)": 0,
            "avg": 1.170439638111394,
            "min": 0,
            "med": 0,
            "max": 155.8247
        },
        "checks": {
            "passes": 3537,
            "fails": 0,
            "value": 1
        },
        "data_sent": {
            "rate": 3623.272121665911,
            "count": 473797
        },
        "http_req_receiving": {
            "avg": 0.6751940344925083,
            "min": 0,
            "med": 0,
            "max": 8.2391,
            "p(90)": 2.2691000000000003,
            "p(95)": 3.4811199999999984
        },
        "vus_max": {
            "max": 50,
            "value": 50,
            "min": 50
        },
        "http_req_connecting": {
            "max": 76.6773,
            "p(90)": 0,
            "p(95)": 0,
            "avg": 0.4840124399208369,
            "min": 0,
            "med": 0
        }
    }
}