{
    "metrics": {
        "http_req_tls_handshaking": {
            "avg": 2.2890699923254028,
            "min": 0,
            "med": 0,
            "max": 100.2793,
            "p(90)": 0,
            "p(95)": 0
        },
        "iteration_duration": {
            "p(95)": 1113.1836799999999,
            "avg": 1080.6898320798166,
            "min": 1048.7982,
            "med": 1075.2297,
            "max": 1328.0292,
            "p(90)": 1096.67318
        },
        "iterations": {
            "count": 1303,
            "rate": 36.5485289277413
        },
        "checks": {
            "passes": 1303,
            "fails": 0,
            "value": 1
        },
        "http_req_blocked": {
            "min": 0,
            "med": 0,
            "max": 220.2231,
            "p(90)": 0,
            "p(95)": 0,
            "avg": 4.092057252494245
        },
        "http_req_failed": {
            "passes": 0,
            "fails": 1303,
            "value": 0
        },
        "http_req_receiving": {
            "avg": 0.5682679201841911,
            "min": 0,
            "med": 0,
            "max": 8.1683,
            "p(90)": 1.8502599999999987,
            "p(95)": 2.92761
        },
        "vus": {
            "value": 3,
            "min": 3,
            "max": 50
        },
        "data_sent": {
            "rate": 5376.672883740669,
            "count": 191685
        },
        "http_req_duration": {
            "max": 291.2552,
            "p(90)": 90.27198,
            "p(95)": 97.75815999999996,
            "avg": 75.25911841903309,
            "min": 47.7876,
            "med": 73.5482
        },
        "data_received": {
            "count": 263772,
            "rate": 7398.678873621013
        },
        "http_req_connecting": {
            "med": 0,
            "max": 124.3694,
            "p(90)": 0,
            "p(95)": 0,
            "avg": 1.7330819646968538,
            "min": 0
        },
        "login_duration": {
            "med": 73.5482,
            "max": 291.2552,
            "p(90)": 90.27198,
            "p(95)": 97.75815999999996,
            "avg": 75.25911841903309,
            "min": 47.7876
        },
        "http_reqs": {
            "count": 1303,
            "rate": 36.5485289277413
        },
        "http_req_sending": {
            "p(90)": 0.9757199999999998,
            "p(95)": 1.3109699999999984,
            "avg": 0.5491061396776669,
            "min": 0,
            "med": 0.5404,
            "max": 6.6179
        },
        "vus_max": {
            "max": 50,
            "value": 50,
            "min": 50
        },
        "http_req_waiting": {
            "avg": 74.1417443591711,
            "min": 46.9337,
            "med": 72.5074,
            "max": 287.6968,
            "p(90)": 89.48158,
            "p(95)": 97.04576999999999
        },
        "http_req_duration{expected_response:true}": {
            "avg": 75.25911841903309,
            "min": 47.7876,
            "med": 73.5482,
            "max": 291.2552,
            "p(90)": 90.27198,
            "p(95)": 97.75815999999996
        }
    },
    "root_group": {
        "id": "d41d8cd98f00b204e9800998ecf8427e",
        "groups": {},
        "checks": {
                "Login request returned 200": {
                    "fails": 0,
                    "name": "Login request returned 200",
                    "path": "::Login request returned 200",
                    "id": "572a92ec029029b4b9c772e6bd54fb50",
                    "passes": 1303
                }
            },
        "name": "",
        "path": ""
    }
}