{
    "root_group": {
        "name": "",
        "path": "",
        "id": "d41d8cd98f00b204e9800998ecf8427e",
        "groups": {},
        "checks": {
                "Login request returned 200": {
                    "name": "Login request returned 200",
                    "path": "::Login request returned 200",
                    "id": "572a92ec029029b4b9c772e6bd54fb50",
                    "passes": 848,
                    "fails": 0
                },
                "Play request returned 200": {
                    "name": "Play request returned 200",
                    "path": "::Play request returned 200",
                    "id": "81a35480d3fa4312b9306d0c2c265fcb",
                    "passes": 848,
                    "fails": 0
                }
            }
    },
    "metrics": {
        "http_req_connecting": {
            "p(90)": 0,
            "p(95)": 0,
            "avg": 0.6234701650943395,
            "min": 0,
            "med": 0,
            "max": 45.9518
        },
        "play_duration": {
            "p(90)": 76.19878000000001,
            "p(95)": 87.02879999999998,
            "avg": 69.02454787735854,
            "min": 44.8398,
            "med": 59.4504,
            "max": 4407.5857
        },
        "http_req_sending": {
            "avg": 0.14112234669811322,
            "min": 0,
            "med": 0,
            "max": 2.037,
            "p(90)": 0.51255,
            "p(95)": 0.609
        },
        "checks": {
            "passes": 1696,
            "fails": 0,
            "value": 1
        },
        "data_sent": {
            "count": 187267,
            "rate": 4704.47386830532
        },
        "http_req_duration": {
            "min": 43.5958,
            "med": 59.739999999999995,
            "max": 4572.6721,
            "p(90)": 78.06055,
            "p(95)": 95.98955,
            "avg": 83.01412989386797
        },
        "http_req_failed": {
            "passes": 0,
            "fails": 1696,
            "value": 0
        },
        "data_received": {
            "count": 231825,
            "rate": 5823.8485932912945
        },
        "iterations": {
            "count": 848,
            "rate": 21.303239974597293
        },
        "http_req_duration{expected_response:true}": {
            "max": 4572.6721,
            "p(90)": 78.06055,
            "p(95)": 95.98955,
            "avg": 83.01412989386797,
            "min": 43.5958,
            "med": 59.739999999999995
        },
        "http_req_waiting": {
            "med": 59.330650000000006,
            "max": 4572.166,
            "p(90)": 77.92824999999999,
            "p(95)": 95.863475,
            "avg": 82.68961998820753,
            "min": 43.1577
        },
        "http_req_receiving": {
            "avg": 0.18338755896226408,
            "min": 0,
            "med": 0,
            "max": 1.7918,
            "p(90)": 0.7621,
            "p(95)": 0.9075500000000001
        },
        "vus": {
            "value": 1,
            "min": 1,
            "max": 35
        },
        "http_req_tls_handshaking": {
            "med": 0,
            "max": 69.1327,
            "p(90)": 0,
            "p(95)": 0,
            "avg": 0.8654648584905663,
            "min": 0
        },
        "http_reqs": {
            "count": 1696,
            "rate": 42.606479949194586
        },
        "http_req_blocked": {
            "max": 116.4274,
            "p(90)": 0,
            "p(95)": 0,
            "avg": 1.5106695754716977,
            "min": 0,
            "med": 0
        },
        "login_duration": {
            "p(90)": 80.91147000000001,
            "p(95)": 102.9732,
            "avg": 97.00371191037729,
            "min": 43.5958,
            "med": 59.8587,
            "max": 4572.6721
        },
        "iteration_duration": {
            "avg": 1169.7034930424525,
            "min": 1093.9289,
            "med": 1122.7311,
            "max": 5634.1975,
            "p(90)": 1178.307,
            "p(95)": 1219.16697
        },
        "vus_max": {
            "value": 35,
            "min": 35,
            "max": 35
        }
    }
}