{
    "metrics": {
        "play_duration": {
            "avg": 59.75919375999996,
            "min": 43.7396,
            "med": 56.6737,
            "max": 200.1631,
            "p(90)": 72.37068000000001,
            "p(95)": 80.8634
        },
        "http_req_receiving": {
            "p(95)": 0.8976149999999999,
            "avg": 0.1723283999999999,
            "min": 0,
            "med": 0,
            "max": 2.0936,
            "p(90)": 0.7314300000000005
        },
        "data_received": {
            "count": 168790,
            "rate": 4799.079877723346
        },
        "http_req_tls_handshaking": {
            "max": 182.9534,
            "p(90)": 0,
            "p(95)": 0,
            "avg": 1.20119992,
            "min": 0,
            "med": 0
        },
        "login_duration": {
            "avg": 61.35232944000007,
            "min": 43.676,
            "med": 57.3695,
            "max": 297.3192,
            "p(90)": 73.65938,
            "p(95)": 84.30019999999996
        },
        "http_reqs": {
            "count": 1250,
            "rate": 35.540315463914816
        },
        "http_req_duration": {
            "avg": 60.55576160000004,
            "min": 43.676,
            "med": 56.8648,
            "max": 297.3192,
            "p(90)": 72.87779,
            "p(95)": 83.19893
        },
        "http_req_sending": {
            "med": 0,
            "max": 1.518,
            "p(90)": 0.51524,
            "p(95)": 0.6422999999999999,
            "avg": 0.14487408000000004,
            "min": 0
        },
        "data_sent": {
            "count": 137382,
            "rate": 3906.0796952508363
        },
        "http_req_connecting": {
            "avg": 1.0408258399999997,
            "min": 0,
            "med": 0,
            "max": 114.7161,
            "p(90)": 0,
            "p(95)": 0
        },
        "http_req_failed": {
            "fails": 1250,
            "passes": 0,
            "value": 0
        },
        "iteration_duration": {
            "p(90)": 1149.77506,
            "p(95)": 1182.42738,
            "avg": 1126.2513692800012,
            "min": 1090.895,
            "med": 1115.6273,
            "max": 1511.7674
        },
        "vus": {
            "min": 2,
            "max": 25,
            "value": 2
        },
        "http_req_blocked": {
            "p(95)": 0,
            "avg": 2.2658240800000002,
            "min": 0,
            "med": 0,
            "max": 297.6695,
            "p(90)": 0
        },
        "vus_max": {
            "value": 25,
            "min": 25,
            "max": 25
        },
        "iterations": {
            "count": 625,
            "rate": 17.770157731957408
        },
        "http_req_duration{expected_response:true}": {
            "min": 43.676,
            "med": 56.8648,
            "max": 297.3192,
            "p(90)": 72.87779,
            "p(95)": 83.19893,
            "avg": 60.55576160000004
        },
        "http_req_waiting": {
            "med": 56.5723,
            "max": 296.9061,
            "p(90)": 72.6793,
            "p(95)": 82.96253499999997,
            "avg": 60.23855912000004,
            "min": 43.3348
        },
        "checks": {
            "fails": 0,
            "passes": 1250,
            "value": 1
        }
    },
    "root_group": {
        "groups": {},
        "checks": {
                "Login request returned 200": {
                    "name": "Login request returned 200",
                    "path": "::Login request returned 200",
                    "id": "572a92ec029029b4b9c772e6bd54fb50",
                    "passes": 625,
                    "fails": 0
                },
                "Play request returned 200": {
                    "fails": 0,
                    "name": "Play request returned 200",
                    "path": "::Play request returned 200",
                    "id": "81a35480d3fa4312b9306d0c2c265fcb",
                    "passes": 625
                }
            },
        "name": "",
        "path": "",
        "id": "d41d8cd98f00b204e9800998ecf8427e"
    }
}