{
    "metrics": {
        "checks": {
            "passes": 463,
            "fails": 0,
            "value": 1
        },
        "data_sent": {
            "count": 51497,
            "rate": 903.4532366204745
        },
        "iterations": {
            "count": 231,
            "rate": 4.05261855368914
        },
        "http_req_sending": {
            "p(95)": 0.5526599999999996,
            "avg": 0.1213401727861771,
            "min": 0,
            "med": 0,
            "max": 2.2356,
            "p(90)": 0.5084599999999999
        },
        "http_req_failed": {
            "passes": 0,
            "fails": 463,
            "value": 0
        },
        "vus_max": {
            "value": 10,
            "min": 10,
            "max": 10
        },
        "http_req_duration{expected_response:true}": {
            "min": 44.4055,
            "med": 59.0515,
            "max": 5335.0122,
            "p(90)": 75.85310000000001,
            "p(95)": 84.61566999999998,
            "avg": 83.3286071274298
        },
        "login_duration": {
            "avg": 73.70603749999998,
            "min": 45.024,
            "med": 60.41715,
            "max": 2824.0532,
            "p(90)": 73.7908,
            "p(95)": 80.66309499999998
        },
        "http_reqs": {
            "count": 463,
            "rate": 8.122780910641003
        },
        "http_req_tls_handshaking": {
            "avg": 0.7900457883369331,
            "min": 0,
            "med": 0,
            "max": 51.4142,
            "p(90)": 0,
            "p(95)": 0
        },
        "play_duration": {
            "max": 5335.0122,
            "p(90)": 77.2247,
            "p(95)": 86.1888,
            "avg": 92.99283290043294,
            "min": 44.4055,
            "med": 58.2729
        },
        "vus": {
            "value": 1,
            "min": 1,
            "max": 10
        },
        "data_received": {
            "count": 64492,
            "rate": 1131.4349600195671
        },
        "http_req_waiting": {
            "p(90)": 75.46328000000001,
            "p(95)": 83.92913,
            "avg": 83.04662850971924,
            "min": 44.044,
            "med": 58.6314,
            "max": 5335.0122
        },
        "http_req_duration": {
            "med": 59.0515,
            "max": 5335.0122,
            "p(90)": 75.85310000000001,
            "p(95)": 84.61566999999998,
            "avg": 83.3286071274298,
            "min": 44.4055
        },
        "http_req_connecting": {
            "p(90)": 0,
            "p(95)": 0,
            "avg": 0.5998922246220303,
            "min": 0,
            "med": 0,
            "max": 33.5278
        },
        "http_req_blocked": {
            "p(95)": 0,
            "avg": 1.428142332613391,
            "min": 0,
            "med": 0,
            "max": 86.0955,
            "p(90)": 0
        },
        "iteration_duration": {
            "avg": 1170.196071428571,
            "min": 1093.9097,
            "med": 1121.1162,
            "max": 6397.7571,
            "p(90)": 1158.0881,
            "p(95)": 1185.98255
        },
        "http_req_receiving": {
            "avg": 0.16063844492440607,
            "min": 0,
            "med": 0,
            "max": 1.5094,
            "p(90)": 0.75912,
            "p(95)": 0.8994
        }
    },
    "root_group": {
        "name": "",
        "path": "",
        "id": "d41d8cd98f00b204e9800998ecf8427e",
        "groups": {},
        "checks": {
                "Login request returned 200": {
                    "name": "Login request returned 200",
                    "path": "::Login request returned 200",
                    "id": "572a92ec029029b4b9c772e6bd54fb50",
                    "passes": 232,
                    "fails": 0
                },
                "Play request returned 200": {
                    "fails": 0,
                    "name": "Play request returned 200",
                    "path": "::Play request returned 200",
                    "id": "81a35480d3fa4312b9306d0c2c265fcb",
                    "passes": 231
                }
            }
    }
}