{
    "root_group": {
        "name": "",
        "path": "",
        "id": "d41d8cd98f00b204e9800998ecf8427e",
        "groups": {},
        "checks": {
                "Login request returned 200": {
                    "path": "::Login request returned 200",
                    "id": "572a92ec029029b4b9c772e6bd54fb50",
                    "passes": 1101,
                    "fails": 0,
                    "name": "Login request returned 200"
                },
                "Play request returned 200": {
                    "id": "81a35480d3fa4312b9306d0c2c265fcb",
                    "passes": 1101,
                    "fails": 0,
                    "name": "Play request returned 200",
                    "path": "::Play request returned 200"
                }
            }
    },
    "metrics": {
        "http_reqs": {
            "count": 2202,
            "rate": 27.369401258973564
        },
        "http_req_blocked": {
            "avg": 0.9315910535876478,
            "min": 0,
            "med": 0,
            "max": 186.0712,
            "p(90)": 0,
            "p(95)": 0
        },
        "vus_max": {
            "min": 25,
            "max": 25,
            "value": 25
        },
        "http_req_duration{expected_response:true}": {
            "avg": 72.94515980926415,
            "min": 41.033,
            "med": 59.477199999999996,
            "max": 3945.0892,
            "p(90)": 76.39278000000002,
            "p(95)": 83.92154499999998
        },
        "vus": {
            "max": 25,
            "value": 2,
            "min": 1
        },
        "iterations": {
            "count": 1101,
            "rate": 13.684700629486782
        },
        "http_req_tls_handshaking": {
            "avg": 0.5241786103542234,
            "min": 0,
            "med": 0,
            "max": 77.3308,
            "p(90)": 0,
            "p(95)": 0
        },
        "data_received": {
            "count": 237986,
            "rate": 2958.008323350628
        },
        "checks": {
            "fails": 0,
            "passes": 2202,
            "value": 1
        },
        "http_req_receiving": {
            "p(90)": 2.46232,
            "p(95)": 3.699394999999998,
            "avg": 0.7514337420526795,
            "min": 0,
            "med": 0,
            "max": 8.2905
        },
        "http_req_waiting": {
            "min": 33.5724,
            "med": 58.378,
            "max": 3944.542,
            "p(90)": 75.23361,
            "p(95)": 82.32110999999999,
            "avg": 71.65832125340584
        },
        "play_duration": {
            "med": 59.2672,
            "max": 2061.9493,
            "p(90)": 75.7132,
            "p(95)": 82.6234,
            "avg": 70.78125949137144,
            "min": 41.033
        },
        "login_duration": {
            "min": 42.3498,
            "med": 59.7005,
            "max": 3945.0892,
            "p(90)": 77.4411,
            "p(95)": 86.7089,
            "avg": 75.10906012715718
        },
        "data_sent": {
            "count": 229756,
            "rate": 2855.7148754117757
        },
        "http_req_connecting": {
            "max": 47.0238,
            "p(90)": 0,
            "p(95)": 0,
            "avg": 0.36957665758401453,
            "min": 0,
            "med": 0
        },
        "http_req_failed": {
            "passes": 0,
            "fails": 2202,
            "value": 0
        },
        "iteration_duration": {
            "med": 1122.2882,
            "max": 4992.5268,
            "p(90)": 1155.2068,
            "p(95)": 1174.8588,
            "avg": 1149.4042355131714,
            "min": 1093.044
        },
        "http_req_duration": {
            "avg": 72.94515980926415,
            "min": 41.033,
            "med": 59.477199999999996,
            "max": 3945.0892,
            "p(90)": 76.39278000000002,
            "p(95)": 83.92154499999998
        },
        "http_req_sending": {
            "avg": 0.5354048138056304,
            "min": 0,
            "med": 0.5249,
            "max": 23.3642,
            "p(90)": 0.94857,
            "p(95)": 1.3514499999999998
        }
    }
}