{
    "root_group": {
        "name": "",
        "path": "",
        "id": "d41d8cd98f00b204e9800998ecf8427e",
        "groups": {},
        "checks": {
                "Login request returned 200": {
                    "fails": 0,
                    "name": "Login request returned 200",
                    "path": "::Login request returned 200",
                    "id": "572a92ec029029b4b9c772e6bd54fb50",
                    "passes": 1207
                },
                "Play request returned 200": {
                    "fails": 0,
                    "name": "Play request returned 200",
                    "path": "::Play request returned 200",
                    "id": "81a35480d3fa4312b9306d0c2c265fcb",
                    "passes": 1207
                }
            }
    },
    "metrics": {
        "http_reqs": {
            "count": 2414,
            "rate": 68.01527603940613
        },
        "http_req_connecting": {
            "p(95)": 0,
            "avg": 0.6482942833471417,
            "min": 0,
            "med": 0,
            "max": 49.5423,
            "p(90)": 0
        },
        "http_req_duration": {
            "max": 5739.8111,
            "p(90)": 79.30173000000002,
            "p(95)": 86.37031999999999,
            "avg": 80.13923922949466,
            "min": 43.3445,
            "med": 62.69255
        },
        "http_req_failed": {
            "passes": 0,
            "fails": 2414,
            "value": 0
        },
        "iterations": {
            "count": 1207,
            "rate": 34.007638019703066
        },
        "http_req_tls_handshaking": {
            "min": 0,
            "med": 0,
            "max": 66.2455,
            "p(90)": 0,
            "p(95)": 0,
            "avg": 0.8820192212096107
        },
        "http_req_waiting": {
            "min": 42.2679,
            "med": 62.440650000000005,
            "max": 5738.7662,
            "p(90)": 78.96988000000002,
            "p(95)": 85.820045,
            "avg": 79.82962369511178
        },
        "vus": {
            "value": 5,
            "min": 5,
            "max": 50
        },
        "vus_max": {
            "value": 50,
            "min": 50,
            "max": 50
        },
        "http_req_receiving": {
            "avg": 0.16466454018227014,
            "min": 0,
            "med": 0,
            "max": 1.5323,
            "p(90)": 0.7088300000000011,
            "p(95)": 0.8895199999999999
        },
        "login_duration": {
            "min": 44.4228,
            "med": 63.0564,
            "max": 5739.8111,
            "p(90)": 80.02928,
            "p(95)": 87.33470000000001,
            "avg": 87.00531226180615
        },
        "data_sent": {
            "count": 266478,
            "rate": 7508.108835306076
        },
        "data_received": {
            "count": 331623,
            "rate": 9343.59150207787
        },
        "http_req_duration{expected_response:true}": {
            "avg": 80.13923922949466,
            "min": 43.3445,
            "med": 62.69255,
            "max": 5739.8111,
            "p(90)": 79.30173000000002,
            "p(95)": 86.37031999999999
        },
        "http_req_sending": {
            "p(95)": 0.5753849999999995,
            "avg": 0.14495099420049706,
            "min": 0,
            "med": 0,
            "max": 43.2976,
            "p(90)": 0.5097700000000001
        },
        "iteration_duration": {
            "min": 1095.8955,
            "med": 1127.316,
            "max": 6787.98,
            "p(90)": 1162.19804,
            "p(95)": 1191.62633,
            "avg": 1164.0098891466448
        },
        "checks": {
            "passes": 2414,
            "fails": 0,
            "value": 1
        },
        "http_req_blocked": {
            "avg": 1.5466144987572494,
            "min": 0,
            "med": 0,
            "max": 122.1412,
            "p(90)": 0,
            "p(95)": 0
        },
        "play_duration": {
            "med": 62.3389,
            "max": 5708.5915,
            "p(90)": 78.02866,
            "p(95)": 83.64386999999999,
            "avg": 73.27316619718295,
            "min": 43.3445
        }
    }
}