{
    "root_group": {
        "name": "",
        "path": "",
        "id": "d41d8cd98f00b204e9800998ecf8427e",
        "groups": {},
        "checks": {
                "Login request returned 200": {
                    "fails": 0,
                    "name": "Login request returned 200",
                    "path": "::Login request returned 200",
                    "id": "572a92ec029029b4b9c772e6bd54fb50",
                    "passes": 1088
                },
                "Play request returned 200": {
                    "id": "81a35480d3fa4312b9306d0c2c265fcb",
                    "passes": 1088,
                    "fails": 0,
                    "name": "Play request returned 200",
                    "path": "::Play request returned 200"
                }
            }
    },
    "metrics": {
        "http_req_duration": {
            "med": 75.2793,
            "max": 1172.4799,
            "p(90)": 100.77205000000001,
            "p(95)": 127.85679999999999,
            "avg": 81.29223092830885,
            "min": 46.8305
        },
        "vus_max": {
            "min": 25,
            "max": 25,
            "value": 25
        },
        "http_req_receiving": {
            "min": 0,
            "med": 0,
            "max": 15.2686,
            "p(90)": 2.2652,
            "p(95)": 3.4988,
            "avg": 0.6540217830882353
        },
        "vus": {
            "value": 2,
            "min": 1,
            "max": 25
        },
        "data_received": {
            "count": 239253,
            "rate": 2976.977142572082
        },
        "http_reqs": {
            "count": 2176,
            "rate": 27.07553201939725
        },
        "http_req_connecting": {
            "avg": 0.4633114889705882,
            "min": 0,
            "med": 0,
            "max": 62.7682,
            "p(90)": 0,
            "p(95)": 0
        },
        "http_req_tls_handshaking": {
            "avg": 0.7631425091911765,
            "min": 0,
            "med": 0,
            "max": 203.9484,
            "p(90)": 0,
            "p(95)": 0
        },
        "http_req_failed": {
            "fails": 2176,
            "passes": 0,
            "value": 0
        },
        "http_req_waiting": {
            "avg": 80.07687472426471,
            "min": 41.7865,
            "med": 74.222,
            "max": 1169.6916,
            "p(90)": 99.82405,
            "p(95)": 126.4768
        },
        "data_sent": {
            "count": 226888,
            "rate": 2823.1219250078143
        },
        "play_duration": {
            "avg": 79.24754172794121,
            "min": 46.8305,
            "med": 74.9154,
            "max": 542.7413,
            "p(90)": 96.24512999999999,
            "p(95)": 119.88092999999992
        },
        "http_req_duration{expected_response:true}": {
            "min": 46.8305,
            "med": 75.2793,
            "max": 1172.4799,
            "p(90)": 100.77205000000001,
            "p(95)": 127.85679999999999,
            "avg": 81.29223092830885
        },
        "login_duration": {
            "avg": 83.33692012867641,
            "min": 49.5822,
            "med": 75.8031,
            "max": 1172.4799,
            "p(90)": 106.14550000000017,
            "p(95)": 136.61568
        },
        "checks": {
            "passes": 2176,
            "fails": 0,
            "value": 1
        },
        "iteration_duration": {
            "med": 1154.6151,
            "max": 2258.0025,
            "p(90)": 1218.6095500000001,
            "p(95)": 1253.78462,
            "avg": 1167.1020257352936,
            "min": 1101.9599
        },
        "http_req_sending": {
            "med": 0.5264,
            "max": 8.1226,
            "p(90)": 1.0637,
            "p(95)": 1.6300750000000002,
            "avg": 0.5613344209558826,
            "min": 0
        },
        "http_req_blocked": {
            "avg": 1.2858626838235294,
            "min": 0,
            "med": 0,
            "max": 266.7166,
            "p(90)": 0,
            "p(95)": 0
        },
        "iterations": {
            "count": 1088,
            "rate": 13.537766009698625
        }
    }
}