{
    "root_group": {
        "path": "",
        "id": "d41d8cd98f00b204e9800998ecf8427e",
        "groups": {},
        "checks": {
                "Login request returned 200": {
                    "passes": 1982,
                    "fails": 0,
                    "name": "Login request returned 200",
                    "path": "::Login request returned 200",
                    "id": "572a92ec029029b4b9c772e6bd54fb50"
                }
            },
        "name": ""
    },
    "metrics": {
        "http_req_waiting": {
            "max": 158.2992,
            "p(90)": 86.63544,
            "p(95)": 94.696495,
            "avg": 67.57837154389502,
            "min": 42.6599,
            "med": 64.97970000000001
        },
        "vus_max": {
            "value": 35,
            "min": 35,
            "max": 35
        },
        "http_req_tls_handshaking": {
            "avg": 0.8888889505549948,
            "min": 0,
            "med": 0,
            "max": 113.4079,
            "p(90)": 0,
            "p(95)": 0
        },
        "vus": {
            "value": 3,
            "min": 1,
            "max": 35
        },
        "data_received": {
            "rate": 2688.3681884770526,
            "count": 270207
        },
        "http_reqs": {
            "count": 1982,
            "rate": 19.719495607299287
        },
        "http_req_connecting": {
            "avg": 0.6040630171543893,
            "min": 0,
            "med": 0,
            "max": 67.5174,
            "p(90)": 0,
            "p(95)": 0
        },
        "http_req_sending": {
            "min": 0,
            "med": 0.5628,
            "max": 7.6615,
            "p(90)": 1.1008400000000003,
            "p(95)": 1.5013699999999992,
            "avg": 0.6324972754793132
        },
        "http_req_receiving": {
            "avg": 0.6610869828456111,
            "min": 0,
            "med": 0,
            "max": 7.9895,
            "p(90)": 2.0683800000000003,
            "p(95)": 3.375314999999998
        },
        "checks": {
            "passes": 1982,
            "fails": 0,
            "value": 1
        },
        "http_req_blocked": {
            "min": 0,
            "med": 0,
            "max": 174.3662,
            "p(90)": 0,
            "p(95)": 0,
            "avg": 1.5224841574167507
        },
        "http_req_failed": {
            "fails": 1982,
            "passes": 0,
            "value": 0
        },
        "login_duration": {
            "avg": 68.87195580222006,
            "min": 44.8853,
            "med": 66.0505,
            "max": 158.2992,
            "p(90)": 87.68393999999999,
            "p(95)": 95.73633499999998
        },
        "iterations": {
            "rate": 19.719495607299287,
            "count": 1982
        },
        "data_sent": {
            "count": 267590,
            "rate": 2662.3308928139336
        },
        "http_req_duration{expected_response:true}": {
            "avg": 68.87195580222006,
            "min": 44.8853,
            "med": 66.0505,
            "max": 158.2992,
            "p(90)": 87.68393999999999,
            "p(95)": 95.73633499999998
        },
        "iteration_duration": {
            "p(90)": 1090.77714,
            "p(95)": 1102.6363999999999,
            "avg": 1071.5862969727543,
            "min": 1046.3126,
            "med": 1067.6345500000002,
            "max": 1230.1482
        },
        "http_req_duration": {
            "min": 44.8853,
            "med": 66.0505,
            "max": 158.2992,
            "p(90)": 87.68393999999999,
            "p(95)": 95.73633499999998,
            "avg": 68.87195580222006
        }
    }
}