{
    "metrics": {
        "http_req_connecting": {
            "min": 0,
            "med": 0,
            "max": 55.4075,
            "p(90)": 0,
            "p(95)": 0,
            "avg": 1.3259820895522387
        },
        "data_received": {
            "count": 53377,
            "rate": 1495.7730896222022
        },
        "vus_max": {
            "value": 10,
            "min": 10,
            "max": 10
        },
        "http_req_sending": {
            "p(95)": 1.8911049999999985,
            "avg": 0.6964223880597012,
            "min": 0,
            "med": 0.5569999999999999,
            "max": 14.5623,
            "p(90)": 1.1656300000000002
        },
        "http_req_duration{expected_response:true}": {
            "p(95)": 95.13571,
            "avg": 63.560423880597,
            "min": 41.5734,
            "med": 59.0848,
            "max": 154.4711,
            "p(90)": 83.38056
        },
        "checks": {
            "passes": 268,
            "fails": 0,
            "value": 1
        },
        "http_req_duration": {
            "p(95)": 95.13571,
            "avg": 63.560423880597,
            "min": 41.5734,
            "med": 59.0848,
            "max": 154.4711,
            "p(90)": 83.38056
        },
        "http_req_blocked": {
            "p(95)": 0,
            "avg": 3.57757723880597,
            "min": 0,
            "med": 0,
            "max": 158.1278,
            "p(90)": 0
        },
        "http_req_waiting": {
            "avg": 62.183133955223816,
            "min": 40.9057,
            "med": 58.03775,
            "max": 153.9206,
            "p(90)": 81.33192000000001,
            "p(95)": 90.07777999999998
        },
        "http_reqs": {
            "count": 268,
            "rate": 7.510110872075055
        },
        "login_duration": {
            "max": 154.4711,
            "p(90)": 83.38056,
            "p(95)": 95.13571,
            "avg": 63.560423880597,
            "min": 41.5734,
            "med": 59.0848
        },
        "iterations": {
            "count": 268,
            "rate": 7.510110872075055
        },
        "http_req_tls_handshaking": {
            "med": 0,
            "max": 119.4835,
            "p(90)": 0,
            "p(95)": 0,
            "avg": 1.9787425373134329,
            "min": 0
        },
        "http_req_receiving": {
            "avg": 0.6808675373134327,
            "min": 0,
            "med": 0,
            "max": 6.3892,
            "p(90)": 2.262210000000001,
            "p(95)": 3.858274999999997
        },
        "iteration_duration": {
            "avg": 1069.1567944029846,
            "min": 1044.7631,
            "med": 1060.75785,
            "max": 1237.5776,
            "p(90)": 1092.20299,
            "p(95)": 1111.40147
        },
        "data_sent": {
            "count": 39061,
            "rate": 1094.5986596049393
        },
        "http_req_failed": {
            "passes": 0,
            "fails": 268,
            "value": 0
        },
        "vus": {
            "value": 1,
            "min": 1,
            "max": 10
        }
    },
    "root_group": {
        "name": "",
        "path": "",
        "id": "d41d8cd98f00b204e9800998ecf8427e",
        "groups": {},
        "checks": {
                "Login request returned 200": {
                    "id": "572a92ec029029b4b9c772e6bd54fb50",
                    "passes": 268,
                    "fails": 0,
                    "name": "Login request returned 200",
                    "path": "::Login request returned 200"
                }
            }
    }
}