{
    "metrics": {
        "http_req_sending": {
            "min": 0,
            "med": 0.51595,
            "max": 16.9747,
            "p(90)": 1.14335,
            "p(95)": 2.0195499999999997,
            "avg": 0.6009240099009907
        },
        "vus_max": {
            "value": 35,
            "min": 35,
            "max": 35
        },
        "iterations": {
            "count": 808,
            "rate": 22.716121049148548
        },
        "http_reqs": {
            "count": 1616,
            "rate": 45.432242098297095
        },
        "http_req_duration{expected_response:true}": {
            "p(90)": 111.0584,
            "p(95)": 148.2265,
            "avg": 106.70958879950493,
            "min": 45.2852,
            "med": 76.7342,
            "max": 5234.8196
        },
        "http_req_blocked": {
            "avg": 2.105449814356436,
            "min": 0,
            "med": 0,
            "max": 169.5093,
            "p(90)": 0,
            "p(95)": 0
        },
        "data_received": {
            "count": 229567,
            "rate": 6454.049209022134
        },
        "iteration_duration": {
            "p(95)": 1300.49851,
            "avg": 1220.8153878712858,
            "min": 1104.5603,
            "med": 1158.39435,
            "max": 6308.509,
            "p(90)": 1267.14347
        },
        "http_req_waiting": {
            "avg": 105.64408638613891,
            "min": 45.2852,
            "med": 75.53725,
            "max": 5234.8196,
            "p(90)": 110.43635,
            "p(95)": 148.0438
        },
        "http_req_receiving": {
            "med": 0,
            "max": 8.1317,
            "p(90)": 1.6722000000000001,
            "p(95)": 2.6596,
            "avg": 0.4645784034653468,
            "min": 0
        },
        "vus": {
            "value": 3,
            "min": 3,
            "max": 35
        },
        "data_sent": {
            "count": 177892,
            "rate": 5001.257680291006
        },
        "login_duration": {
            "p(95)": 147.74857999999998,
            "avg": 103.47117487623757,
            "min": 49.1523,
            "med": 77.58725000000001,
            "max": 4283.4795,
            "p(90)": 110.70350000000002
        },
        "http_req_duration": {
            "med": 76.7342,
            "max": 5234.8196,
            "p(90)": 111.0584,
            "p(95)": 148.2265,
            "avg": 106.70958879950493,
            "min": 45.2852
        },
        "checks": {
            "passes": 1616,
            "fails": 0,
            "value": 1
        },
        "http_req_failed": {
            "passes": 0,
            "fails": 1616,
            "value": 0
        },
        "play_duration": {
            "avg": 109.94800272277227,
            "min": 45.2852,
            "med": 75.75184999999999,
            "max": 5234.8196,
            "p(90)": 113.07352000000026,
            "p(95)": 148.46185999999997
        },
        "http_req_connecting": {
            "max": 82.2598,
            "p(90)": 0,
            "p(95)": 0,
            "avg": 0.8322760519801982,
            "min": 0,
            "med": 0
        },
        "http_req_tls_handshaking": {
            "avg": 1.2317052599009901,
            "min": 0,
            "med": 0,
            "max": 92.2275,
            "p(90)": 0,
            "p(95)": 0
        }
    },
    "root_group": {
        "path": "",
        "id": "d41d8cd98f00b204e9800998ecf8427e",
        "groups": {},
        "checks": {
                "Login request returned 200": {
                    "path": "::Login request returned 200",
                    "id": "572a92ec029029b4b9c772e6bd54fb50",
                    "passes": 808,
                    "fails": 0,
                    "name": "Login request returned 200"
                },
                "Play request returned 200": {
                    "fails": 0,
                    "name": "Play request returned 200",
                    "path": "::Play request returned 200",
                    "id": "81a35480d3fa4312b9306d0c2c265fcb",
                    "passes": 808
                }
            },
        "name": ""
    }
}