{
    "root_group": {
        "path": "",
        "id": "d41d8cd98f00b204e9800998ecf8427e",
        "groups": {},
        "checks": {
                "Login request returned 200": {
                    "name": "Login request returned 200",
                    "path": "::Login request returned 200",
                    "id": "572a92ec029029b4b9c772e6bd54fb50",
                    "passes": 1188,
                    "fails": 0
                }
            },
        "name": ""
    },
    "metrics": {
        "data_sent": {
            "rate": 2035.4076937118684,
            "count": 162878
        },
        "http_req_failed": {
            "passes": 0,
            "fails": 1188,
            "value": 0
        },
        "http_req_blocked": {
            "p(90)": 0,
            "p(95)": 0,
            "avg": 1.9642292087542088,
            "min": 0,
            "med": 0,
            "max": 318.5809
        },
        "http_req_waiting": {
            "p(95)": 83.08007999999987,
            "avg": 62.62001456228957,
            "min": 37.562,
            "med": 55.87425,
            "max": 2323.5586,
            "p(90)": 73.01660999999999
        },
        "http_req_tls_handshaking": {
            "med": 0,
            "max": 264.7655,
            "p(90)": 0,
            "p(95)": 0,
            "avg": 1.1620970538720536,
            "min": 0
        },
        "http_req_sending": {
            "avg": 0.6014106060606061,
            "min": 0,
            "med": 0.55185,
            "max": 7.1127,
            "p(90)": 1.09394,
            "p(95)": 1.6190499999999999
        },
        "http_req_receiving": {
            "p(95)": 3.7030799999999964,
            "avg": 0.7312188552188554,
            "min": 0,
            "med": 0,
            "max": 10.2528,
            "p(90)": 2.395729999999999
        },
        "vus": {
            "value": 1,
            "min": 1,
            "max": 25
        },
        "http_req_connecting": {
            "avg": 0.7480030303030303,
            "min": 0,
            "med": 0,
            "max": 98.2455,
            "p(90)": 0,
            "p(95)": 0
        },
        "vus_max": {
            "max": 25,
            "value": 25,
            "min": 25
        },
        "http_req_duration{expected_response:true}": {
            "avg": 63.95264402356902,
            "min": 41.6503,
            "med": 57.07835,
            "max": 2325.6513,
            "p(90)": 73.86147,
            "p(95)": 84.059
        },
        "login_duration": {
            "avg": 63.95264402356902,
            "min": 41.6503,
            "med": 57.07835,
            "max": 2325.6513,
            "p(90)": 73.86147,
            "p(95)": 84.059
        },
        "data_received": {
            "count": 174926,
            "rate": 2185.96573036409
        },
        "checks": {
            "passes": 1188,
            "fails": 0,
            "value": 1
        },
        "iterations": {
            "count": 1188,
            "rate": 14.845862179850561
        },
        "http_req_duration": {
            "min": 41.6503,
            "med": 57.07835,
            "max": 2325.6513,
            "p(90)": 73.86147,
            "p(95)": 84.059,
            "avg": 63.95264402356902
        },
        "iteration_duration": {
            "avg": 1067.5105598484847,
            "min": 1042.3152,
            "med": 1058.47955,
            "max": 3327.2126,
            "p(90)": 1079.04962,
            "p(95)": 1100.9441149999998
        },
        "http_reqs": {
            "count": 1188,
            "rate": 14.845862179850561
        }
    }
}