{
    "metrics": {
        "iteration_duration": {
            "avg": 1076.0454113432827,
            "min": 1044.0762,
            "med": 1067.1582,
            "max": 1449.2498,
            "p(90)": 1100.52168,
            "p(95)": 1133.74019
        },
        "iterations": {
            "count": 335,
            "rate": 6.596920413797052
        },
        "data_sent": {
            "count": 47502,
            "rate": 935.4236223766793
        },
        "http_req_duration{expected_response:true}": {
            "med": 65.3433,
            "max": 259.7569,
            "p(90)": 93.18048000000002,
            "p(95)": 100.96430000000001,
            "avg": 70.02976597014928,
            "min": 34.9397
        },
        "http_req_waiting": {
            "avg": 69.02788686567165,
            "min": 34.9397,
            "med": 64.0147,
            "max": 259.4343,
            "p(90)": 92.55312,
            "p(95)": 100.68654000000002
        },
        "http_req_failed": {
            "passes": 0,
            "fails": 335,
            "value": 0
        },
        "checks": {
            "passes": 335,
            "fails": 0,
            "value": 1
        },
        "http_req_duration": {
            "med": 65.3433,
            "max": 259.7569,
            "p(90)": 93.18048000000002,
            "p(95)": 100.96430000000001,
            "avg": 70.02976597014928,
            "min": 34.9397
        },
        "http_req_receiving": {
            "med": 0,
            "max": 14.0902,
            "p(90)": 1.6055200000000014,
            "p(95)": 3.4579200000000005,
            "avg": 0.5647510447761193,
            "min": 0
        },
        "vus_max": {
            "value": 10,
            "min": 10,
            "max": 10
        },
        "vus": {
            "value": 1,
            "min": 1,
            "max": 10
        },
        "http_req_connecting": {
            "med": 0,
            "max": 122.1657,
            "p(90)": 0,
            "p(95)": 0,
            "avg": 1.5642758208955225,
            "min": 0
        },
        "login_duration": {
            "p(95)": 100.96430000000001,
            "avg": 70.02976597014928,
            "min": 34.9397,
            "med": 65.3433,
            "max": 259.7569,
            "p(90)": 93.18048000000002
        },
        "data_received": {
            "count": 58768,
            "rate": 1157.277071277687
        },
        "http_req_blocked": {
            "avg": 3.858900895522389,
            "min": 0,
            "med": 0,
            "max": 354.1602,
            "p(90)": 0,
            "p(95)": 0
        },
        "http_req_sending": {
            "p(90)": 0.9995400000000013,
            "p(95)": 1.4431000000000012,
            "avg": 0.43712805970149293,
            "min": 0,
            "med": 0.3642,
            "max": 6.6089
        },
        "http_reqs": {
            "count": 335,
            "rate": 6.596920413797052
        },
        "http_req_tls_handshaking": {
            "p(90)": 0,
            "p(95)": 0,
            "avg": 2.110148656716418,
            "min": 0,
            "med": 0,
            "max": 224.5432
        }
    },
    "root_group": {
        "checks": {
            "Login request returned 200": {
                "fails": 0,
                "name": "Login request returned 200",
                "path": "::Login request returned 200",
                "id": "572a92ec029029b4b9c772e6bd54fb50",
                "passes": 335
            }
        },
        "name": "",
        "path": "",
        "id": "d41d8cd98f00b204e9800998ecf8427e",
        "groups": {}
    }
}