{
    "root_group": {
        "path": "",
        "id": "d41d8cd98f00b204e9800998ecf8427e",
        "groups": {},
        "checks": {
                "Login request returned 200": {
                    "name": "Login request returned 200",
                    "path": "::Login request returned 200",
                    "id": "572a92ec029029b4b9c772e6bd54fb50",
                    "passes": 934,
                    "fails": 0
                }
            },
        "name": ""
    },
    "metrics": {
        "data_received": {
            "count": 186501,
            "rate": 5300.8536659299425
        },
        "iteration_duration": {
            "avg": 1062.4181038543907,
            "min": 1039.1915,
            "med": 1051.6471000000001,
            "max": 4296.3587,
            "p(90)": 1072.14246,
            "p(95)": 1096.426725
        },
        "http_req_blocked": {
            "p(90)": 0,
            "p(95)": 0,
            "avg": 2.044815203426124,
            "min": 0,
            "med": 0,
            "max": 129.6746
        },
        "http_req_tls_handshaking": {
            "avg": 1.199860920770878,
            "min": 0,
            "med": 0,
            "max": 53.7062,
            "p(90)": 0,
            "p(95)": 0
        },
        "http_req_receiving": {
            "min": 0,
            "med": 0,
            "max": 1.0559,
            "p(90)": 0,
            "p(95)": 0.40009999999999946,
            "avg": 0.04832655246252676
        },
        "checks": {
            "passes": 934,
            "fails": 0,
            "value": 1
        },
        "data_sent": {
            "count": 136630,
            "rate": 3883.387415488432
        },
        "login_duration": {
            "min": 38.8678,
            "med": 50.786500000000004,
            "max": 3295.5258,
            "p(90)": 66.12943000000001,
            "p(95)": 75.14263,
            "avg": 59.78320064239836
        },
        "vus_max": {
            "value": 35,
            "min": 35,
            "max": 35
        },
        "http_req_duration{expected_response:true}": {
            "med": 50.786500000000004,
            "max": 3295.5258,
            "p(90)": 66.12943000000001,
            "p(95)": 75.14263,
            "avg": 59.78320064239836,
            "min": 38.8678
        },
        "http_req_failed": {
            "passes": 0,
            "fails": 934,
            "value": 0
        },
        "http_req_sending": {
            "avg": 0.0418279443254818,
            "min": 0,
            "med": 0,
            "max": 0.5322,
            "p(90)": 0.17617,
            "p(95)": 0.195535
        },
        "vus": {
            "value": 3,
            "min": 3,
            "max": 35
        },
        "http_req_duration": {
            "avg": 59.78320064239836,
            "min": 38.8678,
            "med": 50.786500000000004,
            "max": 3295.5258,
            "p(90)": 66.12943000000001,
            "p(95)": 75.14263
        },
        "http_req_connecting": {
            "p(95)": 0,
            "avg": 0.7862807280513918,
            "min": 0,
            "med": 0,
            "max": 26.3565,
            "p(90)": 0
        },
        "iterations": {
            "count": 934,
            "rate": 26.54676019956229
        },
        "http_req_waiting": {
            "avg": 59.69304614561028,
            "min": 38.8678,
            "med": 50.6516,
            "max": 3295.3326,
            "p(90)": 66.07744000000002,
            "p(95)": 75.14263
        },
        "http_reqs": {
            "count": 934,
            "rate": 26.54676019956229
        }
    }
}