{
    "root_group": {
        "name": "",
        "path": "",
        "id": "d41d8cd98f00b204e9800998ecf8427e",
        "groups": {},
        "checks": {
                "Login request returned 200": {
                    "id": "572a92ec029029b4b9c772e6bd54fb50",
                    "passes": 1300,
                    "fails": 0,
                    "name": "Login request returned 200",
                    "path": "::Login request returned 200"
                }
            }
    },
    "metrics": {
        "data_sent": {
            "count": 192725,
            "rate": 5434.972564675863
        },
        "http_req_blocked": {
            "avg": 2.6996013076923084,
            "min": 0,
            "med": 0,
            "max": 134.6703,
            "p(90)": 0,
            "p(95)": 0
        },
        "iteration_duration": {
            "med": 1062.01105,
            "max": 6019.7178,
            "p(90)": 1095.8742,
            "p(95)": 1133.703505,
            "avg": 1089.988453769231,
            "min": 1043.6149
        },
        "http_reqs": {
            "count": 1300,
            "rate": 36.66086046998896
        },
        "checks": {
            "passes": 1300,
            "fails": 0,
            "value": 1
        },
        "login_duration": {
            "avg": 86.78796453846152,
            "min": 43.298,
            "med": 61.2949,
            "max": 5019.3042,
            "p(90)": 79.89318000000006,
            "p(95)": 103.587775
        },
        "http_req_connecting": {
            "p(95)": 0,
            "avg": 1.1452295384615383,
            "min": 0,
            "med": 0,
            "max": 44.2227,
            "p(90)": 0
        },
        "http_req_duration{expected_response:true}": {
            "avg": 86.78796453846152,
            "min": 43.298,
            "med": 61.2949,
            "max": 5019.3042,
            "p(90)": 79.89318000000006,
            "p(95)": 103.587775
        },
        "data_received": {
            "count": 263470,
            "rate": 7430.028390790762
        },
        "http_req_duration": {
            "avg": 86.78796453846152,
            "min": 43.298,
            "med": 61.2949,
            "max": 5019.3042,
            "p(90)": 79.89318000000006,
            "p(95)": 103.587775
        },
        "http_req_sending": {
            "p(95)": 0.518005,
            "avg": 0.09837246153846148,
            "min": 0,
            "med": 0,
            "max": 0.9992,
            "p(90)": 0.5038100000000001
        },
        "vus": {
            "value": 3,
            "min": 3,
            "max": 50
        },
        "http_req_failed": {
            "fails": 1300,
            "passes": 0,
            "value": 0
        },
        "http_req_tls_handshaking": {
            "avg": 1.5233525384615383,
            "min": 0,
            "med": 0,
            "max": 64.2826,
            "p(90)": 0,
            "p(95)": 0
        },
        "http_req_waiting": {
            "min": 43.298,
            "med": 61.0232,
            "max": 5019.3042,
            "p(90)": 79.5179,
            "p(95)": 103.587775,
            "avg": 86.52222915384615
        },
        "http_req_receiving": {
            "min": 0,
            "med": 0,
            "max": 1.5278,
            "p(90)": 0.7419700000000001,
            "p(95)": 0.9138149999999998,
            "avg": 0.167362923076923
        },
        "vus_max": {
            "value": 50,
            "min": 50,
            "max": 50
        },
        "iterations": {
            "count": 1300,
            "rate": 36.66086046998896
        }
    }
}