{
    "metrics": {
        "vus_max": {
            "max": 10,
            "value": 10,
            "min": 10
        },
        "checks": {
            "passes": 330,
            "fails": 0,
            "value": 1
        },
        "http_req_duration": {
            "avg": 84.39549000000002,
            "min": 45.3171,
            "med": 65.84025,
            "max": 3069.7294,
            "p(90)": 88.03250000000001,
            "p(95)": 94.13975
        },
        "http_req_failed": {
            "fails": 330,
            "passes": 0,
            "value": 0
        },
        "login_duration": {
            "p(90)": 88.03250000000001,
            "p(95)": 94.13975,
            "avg": 84.39549000000002,
            "min": 45.3171,
            "med": 65.84025,
            "max": 3069.7294
        },
        "http_req_sending": {
            "avg": 0.6834721212121209,
            "min": 0,
            "med": 0.5739,
            "max": 5.0878,
            "p(90)": 1.18401,
            "p(95)": 1.6725
        },
        "data_received": {
            "count": 58389,
            "rate": 1161.747281042497
        },
        "iteration_duration": {
            "p(90)": 1091.9884100000002,
            "p(95)": 1106.4871500000002,
            "avg": 1088.9153099999999,
            "min": 1045.9396,
            "med": 1067.42435,
            "max": 4076.3188
        },
        "http_req_connecting": {
            "p(95)": 0,
            "avg": 1.3110439393939395,
            "min": 0,
            "med": 0,
            "max": 84.0639,
            "p(90)": 0
        },
        "http_req_duration{expected_response:true}": {
            "p(95)": 94.13975,
            "avg": 84.39549000000002,
            "min": 45.3171,
            "med": 65.84025,
            "max": 3069.7294,
            "p(90)": 88.03250000000001
        },
        "http_reqs": {
            "rate": 6.565904583809005,
            "count": 330
        },
        "http_req_blocked": {
            "max": 225.4327,
            "p(90)": 0,
            "p(95)": 0,
            "avg": 3.089055757575758,
            "min": 0,
            "med": 0
        },
        "http_req_tls_handshaking": {
            "avg": 1.6328260606060605,
            "min": 0,
            "med": 0,
            "max": 95.9194,
            "p(90)": 0,
            "p(95)": 0
        },
        "vus": {
            "value": 1,
            "min": 1,
            "max": 10
        },
        "data_sent": {
            "count": 46905,
            "rate": 933.2538015259436
        },
        "http_req_receiving": {
            "p(90)": 2.2611900000000036,
            "p(95)": 3.493480000000001,
            "avg": 0.7077948484848486,
            "min": 0,
            "med": 0,
            "max": 6.8534
        },
        "iterations": {
            "count": 330,
            "rate": 6.565904583809005
        },
        "http_req_waiting": {
            "med": 64.35695,
            "max": 3069.1555,
            "p(90)": 86.36278,
            "p(95)": 93.80460500000001,
            "avg": 83.00422303030311,
            "min": 44.8117
        }
    },
    "root_group": {
        "groups": {},
        "checks": {
                "Login request returned 200": {
                    "path": "::Login request returned 200",
                    "id": "572a92ec029029b4b9c772e6bd54fb50",
                    "passes": 330,
                    "fails": 0,
                    "name": "Login request returned 200"
                }
            },
        "name": "",
        "path": "",
        "id": "d41d8cd98f00b204e9800998ecf8427e"
    }
}