{
    "root_group": {
        "checks": {
            "Login request returned 200": {
                "fails": 1,
                "name": "Login request returned 200",
                "path": "::Login request returned 200",
                "id": "572a92ec029029b4b9c772e6bd54fb50",
                "passes": 269
            },
            "Play request returned 200": {
                "fails": 0,
                "name": "Play request returned 200",
                "path": "::Play request returned 200",
                "id": "81a35480d3fa4312b9306d0c2c265fcb",
                "passes": 269
            }
        },
        "name": "",
        "path": "",
        "id": "d41d8cd98f00b204e9800998ecf8427e",
        "groups": {}
    },
    "metrics": {
        "data_received": {
            "count": 70397,
            "rate": 1037.3149814080257
        },
        "iteration_duration": {
            "p(90)": 1201.56615,
            "p(95)": 1311.3566799999996,
            "avg": 1430.0517755555554,
            "min": 1097.1105,
            "med": 1132.1517,
            "max": 60000.9442
        },
        "iterations": {
            "count": 270,
            "rate": 3.978508245808301
        },
        "http_req_failed": {
            "passes": 1,
            "fails": 538,
            "value": 0.0018552875695732839
        },
        "vus_max": {
            "value": 10,
            "min": 10,
            "max": 10
        },
        "http_req_sending": {
            "p(95)": 0.9857099999999998,
            "avg": 0.35995361781076046,
            "min": 0,
            "med": 0.4236,
            "max": 1.7506,
            "p(90)": 0.78138
        },
        "http_req_duration{expected_response:true}": {
            "p(95)": 117.06059499999989,
            "avg": 104.47883085501859,
            "min": 45.7039,
            "med": 63.7584,
            "max": 4925.4079,
            "p(90)": 85.42599
        },
        "http_req_receiving": {
            "min": 0,
            "med": 0,
            "max": 1.5121,
            "p(90)": 0.7286399999999998,
            "p(95)": 0.9099299999999998,
            "avg": 0.16846345083487932
        },
        "http_req_duration": {
            "p(90)": 85.55601999999999,
            "p(95)": 121.13084999999995,
            "avg": 215.60288998144713,
            "min": 45.7039,
            "med": 63.7706,
            "max": 60000.3467
        },
        "vus": {
            "max": 10,
            "value": 1,
            "min": 1
        },
        "http_req_blocked": {
            "avg": 1.2581250463821891,
            "min": 0,
            "med": 0,
            "max": 82.295,
            "p(90)": 0,
            "p(95)": 0
        },
        "play_duration": {
            "avg": 116.61811003717469,
            "min": 45.7039,
            "med": 62.6225,
            "max": 4925.4079,
            "p(90)": 82.34828000000002,
            "p(95)": 93.63294
        },
        "http_req_connecting": {
            "avg": 0.5164732838589982,
            "min": 0,
            "med": 0,
            "max": 35.0887,
            "p(90)": 0,
            "p(95)": 0
        },
        "login_duration": {
            "avg": 314.2210596296296,
            "min": 46.5378,
            "med": 64.70689999999999,
            "max": 60000.3467,
            "p(90)": 90.72734,
            "p(95)": 154.36848499999977
        },
        "data_sent": {
            "count": 58873,
            "rate": 867.5063553906374
        },
        "http_reqs": {
            "count": 539,
            "rate": 7.942281275891386
        },
        "http_req_waiting": {
            "avg": 215.07447291280147,
            "min": 45.1997,
            "med": 63.3927,
            "max": 59999.883,
            "p(90)": 84.89374,
            "p(95)": 120.20054999999994
        },
        "http_req_tls_handshaking": {
            "max": 46.8509,
            "p(90)": 0,
            "p(95)": 0,
            "avg": 0.7069897959183673,
            "min": 0,
            "med": 0
        },
        "checks": {
            "passes": 538,
            "fails": 1,
            "value": 0.9981447124304267
        }
    }
}