{
    "root_group": {
        "id": "d41d8cd98f00b204e9800998ecf8427e",
        "groups": {},
        "checks": {
                "Login request returned 200": {
                    "name": "Login request returned 200",
                    "path": "::Login request returned 200",
                    "id": "572a92ec029029b4b9c772e6bd54fb50",
                    "passes": 1079,
                    "fails": 0
                },
                "Play request returned 200": {
                    "path": "::Play request returned 200",
                    "id": "81a35480d3fa4312b9306d0c2c265fcb",
                    "passes": 1079,
                    "fails": 0,
                    "name": "Play request returned 200"
                }
            },
        "name": "",
        "path": ""
    },
    "metrics": {
        "data_received": {
            "rate": 2917.775301856533,
            "count": 236175
        },
        "vus_max": {
            "max": 25,
            "value": 25,
            "min": 25
        },
        "login_duration": {
            "avg": 91.9269061167748,
            "min": 41.302,
            "med": 59.9997,
            "max": 5078.9744,
            "p(90)": 77.06062,
            "p(95)": 85.50435999999998
        },
        "http_req_blocked": {
            "med": 0,
            "max": 233.7271,
            "p(90)": 0,
            "p(95)": 0,
            "avg": 1.0791464318813717,
            "min": 0
        },
        "http_req_failed": {
            "passes": 0,
            "fails": 2158,
            "value": 0
        },
        "play_duration": {
            "max": 4929.5483,
            "p(90)": 76.28572000000001,
            "p(95)": 84.51299999999999,
            "avg": 80.25923327154788,
            "min": 40.9459,
            "med": 58.914
        },
        "http_req_sending": {
            "min": 0,
            "med": 0.5361,
            "max": 6.0165,
            "p(90)": 1.02659,
            "p(95)": 1.5382650000000004,
            "avg": 0.5524885078776643
        },
        "http_req_tls_handshaking": {
            "p(90)": 0,
            "p(95)": 0,
            "avg": 0.643360843373494,
            "min": 0,
            "med": 0,
            "max": 160.5953
        },
        "checks": {
            "passes": 2158,
            "fails": 0,
            "value": 1
        },
        "data_sent": {
            "count": 224348,
            "rate": 2771.6610709046663
        },
        "http_req_duration{expected_response:true}": {
            "med": 59.4571,
            "max": 5078.9744,
            "p(90)": 76.89189999999999,
            "p(95)": 84.956155,
            "avg": 86.0930696941614,
            "min": 40.9459
        },
        "vus": {
            "min": 1,
            "max": 25,
            "value": 2
        },
        "iterations": {
            "count": 1079,
            "rate": 13.330282844091032
        },
        "http_req_receiving": {
            "med": 0,
            "max": 8.9418,
            "p(90)": 2.41977,
            "p(95)": 3.4289600000000013,
            "avg": 0.6955509267840588,
            "min": 0
        },
        "http_reqs": {
            "count": 2158,
            "rate": 26.660565688182064
        },
        "http_req_waiting": {
            "avg": 84.8450302594993,
            "min": 39.7959,
            "med": 58.3647,
            "max": 5077.9727,
            "p(90)": 75.13475000000001,
            "p(95)": 83.85579000000004
        },
        "iteration_duration": {
            "med": 1123.4175,
            "max": 6134.8038,
            "p(90)": 1155.28488,
            "p(95)": 1183.43102,
            "avg": 1176.3981012048177,
            "min": 1094.2907
        },
        "http_req_duration": {
            "p(95)": 84.956155,
            "avg": 86.0930696941614,
            "min": 40.9459,
            "med": 59.4571,
            "max": 5078.9744,
            "p(90)": 76.89189999999999
        },
        "http_req_connecting": {
            "min": 0,
            "med": 0,
            "max": 96.1504,
            "p(90)": 0,
            "p(95)": 0,
            "avg": 0.4172249304911956
        }
    }
}