{
    "root_group": {
        "name": "",
        "path": "",
        "id": "d41d8cd98f00b204e9800998ecf8427e",
        "groups": {},
        "checks": {
                "Login request returned 200": {
                    "name": "Login request returned 200",
                    "path": "::Login request returned 200",
                    "id": "572a92ec029029b4b9c772e6bd54fb50",
                    "passes": 654,
                    "fails": 0
                }
            }
    },
    "metrics": {
        "http_req_failed": {
            "passes": 0,
            "fails": 654,
            "value": 0
        },
        "login_duration": {
            "avg": 84.6748859327217,
            "min": 40.0169,
            "med": 51.3374,
            "max": 6378.3367,
            "p(90)": 64.97370000000001,
            "p(95)": 76.49097
        },
        "http_req_duration": {
            "max": 6378.3367,
            "p(90)": 64.97370000000001,
            "p(95)": 76.49097,
            "avg": 84.6748859327217,
            "min": 40.0169,
            "med": 51.3374
        },
        "http_req_sending": {
            "avg": 0.04137859327217125,
            "min": 0,
            "med": 0,
            "max": 0.9986,
            "p(90)": 0.18237000000000006,
            "p(95)": 0.200775
        },
        "data_sent": {
            "count": 95656,
            "rate": 2584.999093199203
        },
        "iteration_duration": {
            "max": 7378.3835,
            "p(90)": 1072.44133,
            "p(95)": 1098.0547350000002,
            "avg": 1087.36573180428,
            "min": 1040.4019,
            "med": 1052.06705
        },
        "http_req_blocked": {
            "p(90)": 0,
            "p(95)": 0,
            "avg": 2.1097889908256877,
            "min": 0,
            "med": 0,
            "max": 117.0466
        },
        "data_received": {
            "count": 131974,
            "rate": 3566.4534407237556
        },
        "vus_max": {
            "max": 25,
            "value": 25,
            "min": 25
        },
        "http_req_duration{expected_response:true}": {
            "med": 51.3374,
            "max": 6378.3367,
            "p(90)": 64.97370000000001,
            "p(95)": 76.49097,
            "avg": 84.6748859327217,
            "min": 40.0169
        },
        "http_reqs": {
            "rate": 17.67363685448146,
            "count": 654
        },
        "checks": {
            "passes": 654,
            "fails": 0,
            "value": 1
        },
        "iterations": {
            "count": 654,
            "rate": 17.67363685448146
        },
        "http_req_connecting": {
            "avg": 0.7806399082568808,
            "min": 0,
            "med": 0,
            "max": 29.5728,
            "p(90)": 0,
            "p(95)": 0
        },
        "http_req_tls_handshaking": {
            "avg": 1.2492220183486233,
            "min": 0,
            "med": 0,
            "max": 48.2981,
            "p(90)": 0,
            "p(95)": 0
        },
        "http_req_receiving": {
            "avg": 0.04458975535168195,
            "min": 0,
            "med": 0,
            "max": 1.0426,
            "p(90)": 0,
            "p(95)": 0.3236600000000001
        },
        "http_req_waiting": {
            "avg": 84.58891758409789,
            "min": 40.0169,
            "med": 51.26465,
            "max": 6377.3078,
            "p(90)": 64.91811000000001,
            "p(95)": 76.42485500000001
        },
        "vus": {
            "value": 1,
            "min": 1,
            "max": 25
        }
    }
}