{
    "root_group": {
        "name": "",
        "path": "",
        "id": "d41d8cd98f00b204e9800998ecf8427e",
        "groups": {},
        "checks": {
                "Login request returned 200": {
                    "fails": 0,
                    "name": "Login request returned 200",
                    "path": "::Login request returned 200",
                    "id": "572a92ec029029b4b9c772e6bd54fb50",
                    "passes": 1983
                }
            }
    },
    "metrics": {
        "http_req_tls_handshaking": {
            "max": 78.9032,
            "p(90)": 0,
            "p(95)": 0,
            "avg": 0.674880988401412,
            "min": 0,
            "med": 0
        },
        "http_req_duration": {
            "avg": 68.40144755421082,
            "min": 43.6617,
            "med": 59.3046,
            "max": 4403.325,
            "p(90)": 74.4302,
            "p(95)": 81.64344999999997
        },
        "http_req_sending": {
            "p(90)": 0.50628,
            "p(95)": 0.5253699999999999,
            "avg": 0.12532445789208282,
            "min": 0,
            "med": 0,
            "max": 1.6959
        },
        "http_req_waiting": {
            "max": 4402.2661,
            "p(90)": 74.2037,
            "p(95)": 81.4031,
            "avg": 68.13564321734745,
            "min": 43.2072,
            "med": 59.0501
        },
        "checks": {
            "passes": 1983,
            "fails": 0,
            "value": 1
        },
        "http_req_blocked": {
            "min": 0,
            "med": 0,
            "max": 130.2004,
            "p(90)": 0,
            "p(95)": 0,
            "avg": 1.2185122037317195
        },
        "iteration_duration": {
            "med": 1059.8846,
            "max": 5404.1389,
            "p(90)": 1076.65526,
            "p(95)": 1088.0148699999997,
            "avg": 1070.142986333837,
            "min": 1044.2414
        },
        "data_sent": {
            "rate": 2708.0748259997054,
            "count": 271972
        },
        "iterations": {
            "rate": 19.745092803514392,
            "count": 1983
        },
        "vus_max": {
            "min": 35,
            "max": 35,
            "value": 35
        },
        "http_reqs": {
            "count": 1983,
            "rate": 19.745092803514392
        },
        "http_req_failed": {
            "passes": 0,
            "fails": 1983,
            "value": 0
        },
        "data_received": {
            "count": 270339,
            "rate": 2691.814747054603
        },
        "http_req_duration{expected_response:true}": {
            "med": 59.3046,
            "max": 4403.325,
            "p(90)": 74.4302,
            "p(95)": 81.64344999999997,
            "avg": 68.40144755421082,
            "min": 43.6617
        },
        "http_req_receiving": {
            "p(95)": 0.8906,
            "avg": 0.14047987897125572,
            "min": 0,
            "med": 0,
            "max": 1.6578,
            "p(90)": 0.6756599999999999
        },
        "login_duration": {
            "p(95)": 81.64344999999997,
            "avg": 68.40144755421082,
            "min": 43.6617,
            "med": 59.3046,
            "max": 4403.325,
            "p(90)": 74.4302
        },
        "http_req_connecting": {
            "min": 0,
            "med": 0,
            "max": 45.4298,
            "p(90)": 0,
            "p(95)": 0,
            "avg": 0.5241797781139688
        },
        "vus": {
            "value": 2,
            "min": 1,
            "max": 35
        }
    }
}