{
    "root_group": {
        "path": "",
        "id": "d41d8cd98f00b204e9800998ecf8427e",
        "groups": {},
        "checks": {
                "Login request returned 200": {
                    "fails": 0,
                    "name": "Login request returned 200",
                    "path": "::Login request returned 200",
                    "id": "572a92ec029029b4b9c772e6bd54fb50",
                    "passes": 1853
                },
                "Play request returned 200": {
                    "passes": 1853,
                    "fails": 0,
                    "name": "Play request returned 200",
                    "path": "::Play request returned 200",
                    "id": "81a35480d3fa4312b9306d0c2c265fcb"
                }
            },
        "name": ""
    },
    "metrics": {
        "http_req_failed": {
            "passes": 0,
            "fails": 3706,
            "value": 0
        },
        "iteration_duration": {
            "med": 1122.9697,
            "max": 5501.7003,
            "p(90)": 1147.2683,
            "p(95)": 1164.4338400000001,
            "avg": 1146.0631881813288,
            "min": 1094.0651
        },
        "http_req_tls_handshaking": {
            "p(90)": 0,
            "p(95)": 0,
            "avg": 0.3899825957906099,
            "min": 0,
            "med": 0,
            "max": 61.7603
        },
        "http_req_sending": {
            "med": 0,
            "max": 2.6095,
            "p(90)": 0.5099,
            "p(95)": 0.5728249999999999,
            "avg": 0.12120671883432275,
            "min": 0
        },
        "http_req_waiting": {
            "med": 59.96665,
            "max": 4446.8516,
            "p(90)": 74.10235,
            "p(95)": 81.30884999999999,
            "avg": 71.71558831624397,
            "min": 42.8282
        },
        "vus": {
            "value": 2,
            "min": 1,
            "max": 35
        },
        "http_req_connecting": {
            "min": 0,
            "med": 0,
            "max": 46.8682,
            "p(90)": 0,
            "p(95)": 0,
            "avg": 0.295409929843497
        },
        "data_sent": {
            "count": 384770,
            "rate": 3817.036732413786
        },
        "http_reqs": {
            "rate": 36.764659745628535,
            "count": 3706
        },
        "data_received": {
            "count": 372773,
            "rate": 3698.022802848674
        },
        "http_req_duration": {
            "min": 42.8282,
            "med": 60.26455,
            "max": 4446.8516,
            "p(90)": 74.5503,
            "p(95)": 81.622825,
            "avg": 72.01829978413399
        },
        "login_duration": {
            "p(90)": 74.67566000000001,
            "p(95)": 82.03011999999997,
            "avg": 79.19988386400429,
            "min": 42.8282,
            "med": 60.1926,
            "max": 4446.8516
        },
        "vus_max": {
            "value": 35,
            "min": 35,
            "max": 35
        },
        "iterations": {
            "count": 1853,
            "rate": 18.382329872814267
        },
        "checks": {
            "passes": 3706,
            "fails": 0,
            "value": 1
        },
        "play_duration": {
            "avg": 64.83671570426348,
            "min": 43.0169,
            "med": 60.3426,
            "max": 2784.1245,
            "p(90)": 74.30668,
            "p(95)": 81.20729999999999
        },
        "http_req_duration{expected_response:true}": {
            "min": 42.8282,
            "med": 60.26455,
            "max": 4446.8516,
            "p(90)": 74.5503,
            "p(95)": 81.622825,
            "avg": 72.01829978413399
        },
        "http_req_receiving": {
            "avg": 0.1815047490555856,
            "min": 0,
            "med": 0,
            "max": 1.6095,
            "p(90)": 0.76445,
            "p(95)": 0.9107000000000001
        },
        "http_req_blocked": {
            "p(95)": 0,
            "avg": 0.6916570156502969,
            "min": 0,
            "med": 0,
            "max": 110.7971,
            "p(90)": 0
        }
    }
}