{
    "root_group": {
        "path": "",
        "id": "d41d8cd98f00b204e9800998ecf8427e",
        "groups": {},
        "checks": {
                "Login request returned 200": {
                    "fails": 0,
                    "name": "Login request returned 200",
                    "path": "::Login request returned 200",
                    "id": "572a92ec029029b4b9c772e6bd54fb50",
                    "passes": 1185
                }
            },
        "name": ""
    },
    "metrics": {
        "http_reqs": {
            "count": 1185,
            "rate": 14.6875090046205
        },
        "iteration_duration": {
            "p(90)": 1077.49784,
            "p(95)": 1088.05198,
            "avg": 1069.75024649789,
            "min": 1042.6088,
            "med": 1060.4327,
            "max": 4131.1636
        },
        "http_req_waiting": {
            "avg": 65.28133502109708,
            "min": 41.4955,
            "med": 57.6561,
            "max": 3128.4235,
            "p(90)": 72.67342000000002,
            "p(95)": 79.08262
        },
        "iterations": {
            "count": 1185,
            "rate": 14.6875090046205
        },
        "http_req_receiving": {
            "p(95)": 3.422939999999997,
            "avg": 0.7187608438818562,
            "min": 0,
            "med": 0,
            "max": 7.8806,
            "p(90)": 2.345120000000001
        },
        "vus": {
            "value": 2,
            "min": 1,
            "max": 25
        },
        "http_req_sending": {
            "avg": 0.6374304641350207,
            "min": 0,
            "med": 0.5645,
            "max": 13.8495,
            "p(90)": 1.1118600000000005,
            "p(95)": 1.4886799999999996
        },
        "http_req_failed": {
            "passes": 0,
            "fails": 1185,
            "value": 0
        },
        "login_duration": {
            "p(95)": 80.12105999999999,
            "avg": 66.63752632911392,
            "min": 42.1767,
            "med": 59.0273,
            "max": 3129.5042,
            "p(90)": 74.11152000000001
        },
        "vus_max": {
            "value": 25,
            "min": 25,
            "max": 25
        },
        "http_req_tls_handshaking": {
            "avg": 1.007358227848101,
            "min": 0,
            "med": 0,
            "max": 85.9634,
            "p(90)": 0,
            "p(95)": 0
        },
        "checks": {
            "passes": 1185,
            "fails": 0,
            "value": 1
        },
        "http_req_duration": {
            "min": 42.1767,
            "med": 59.0273,
            "max": 3129.5042,
            "p(90)": 74.11152000000001,
            "p(95)": 80.12105999999999,
            "avg": 66.63752632911392
        },
        "http_req_duration{expected_response:true}": {
            "max": 3129.5042,
            "p(90)": 74.11152000000001,
            "p(95)": 80.12105999999999,
            "avg": 66.63752632911392,
            "min": 42.1767,
            "med": 59.0273
        },
        "data_received": {
            "count": 174598,
            "rate": 2164.0588161930214
        },
        "http_req_blocked": {
            "min": 0,
            "med": 0,
            "max": 157.1434,
            "p(90)": 0,
            "p(95)": 0,
            "avg": 1.9021194092827005
        },
        "http_req_connecting": {
            "min": 0,
            "med": 0,
            "max": 93.5499,
            "p(90)": 0,
            "p(95)": 0,
            "avg": 0.8512613502109706
        },
        "data_sent": {
            "count": 162190,
            "rate": 2010.2675826661593
        }
    }
}