{
    "root_group": {
        "groups": {},
        "checks": {
                "Login request returned 200": {
                    "name": "Login request returned 200",
                    "path": "::Login request returned 200",
                    "id": "572a92ec029029b4b9c772e6bd54fb50",
                    "passes": 1164,
                    "fails": 0
                }
            },
        "name": "",
        "path": "",
        "id": "d41d8cd98f00b204e9800998ecf8427e"
    },
    "metrics": {
        "checks": {
            "passes": 1164,
            "fails": 0,
            "value": 1
        },
        "data_sent": {
            "count": 159850,
            "rate": 1981.7966847989308
        },
        "http_req_failed": {
            "passes": 0,
            "fails": 1164,
            "value": 0
        },
        "http_req_waiting": {
            "p(90)": 68.02938000000002,
            "p(95)": 76.90110499999999,
            "avg": 87.56892508591085,
            "min": 39.3512,
            "med": 50.8386,
            "max": 4499.3138
        },
        "http_req_receiving": {
            "max": 1.4636,
            "p(90)": 0,
            "p(95)": 0.11908499999999726,
            "avg": 0.03729570446735395,
            "min": 0,
            "med": 0
        },
        "http_req_duration{expected_response:true}": {
            "avg": 87.63827164948465,
            "min": 39.3512,
            "med": 51.0377,
            "max": 4499.3138,
            "p(90)": 68.11308000000001,
            "p(95)": 77.07048499999999
        },
        "http_req_blocked": {
            "avg": 1.1417011168384883,
            "min": 0,
            "med": 0,
            "max": 82.9523,
            "p(90)": 0,
            "p(95)": 0
        },
        "data_received": {
            "count": 172926,
            "rate": 2143.9110010355953
        },
        "http_req_duration": {
            "p(95)": 77.07048499999999,
            "avg": 87.63827164948465,
            "min": 39.3512,
            "med": 51.0377,
            "max": 4499.3138,
            "p(90)": 68.11308000000001
        },
        "vus": {
            "value": 1,
            "min": 1,
            "max": 25
        },
        "http_reqs": {
            "count": 1164,
            "rate": 14.431100038198032
        },
        "http_req_connecting": {
            "avg": 0.42828986254295537,
            "min": 0,
            "med": 0,
            "max": 26.7913,
            "p(90)": 0,
            "p(95)": 0
        },
        "http_req_sending": {
            "p(90)": 0.16127000000000005,
            "p(95)": 0.19185499999999997,
            "avg": 0.03205085910652919,
            "min": 0,
            "med": 0,
            "max": 1.0135
        },
        "vus_max": {
            "value": 25,
            "min": 25,
            "max": 25
        },
        "http_req_tls_handshaking": {
            "avg": 0.698603264604811,
            "min": 0,
            "med": 0,
            "max": 47.4928,
            "p(90)": 0,
            "p(95)": 0
        },
        "iteration_duration": {
            "avg": 1089.3913173539506,
            "min": 1039.4522,
            "med": 1051.6792500000001,
            "max": 5499.8994,
            "p(90)": 1070.5816499999999,
            "p(95)": 1082.24533
        },
        "login_duration": {
            "avg": 87.63827164948465,
            "min": 39.3512,
            "med": 51.0377,
            "max": 4499.3138,
            "p(90)": 68.11308000000001,
            "p(95)": 77.07048499999999
        },
        "iterations": {
            "rate": 14.431100038198032,
            "count": 1164
        }
    }
}