{
    "root_group": {
        "name": "",
        "path": "",
        "id": "d41d8cd98f00b204e9800998ecf8427e",
        "groups": {},
        "checks": {
                "Login request returned 200": {
                    "name": "Login request returned 200",
                    "path": "::Login request returned 200",
                    "id": "572a92ec029029b4b9c772e6bd54fb50",
                    "passes": 264,
                    "fails": 0
                }
            }
    },
    "metrics": {
        "iteration_duration": {
            "med": 1062.90465,
            "max": 2411.2961,
            "p(90)": 1085.44271,
            "p(95)": 1117.6603149999999,
            "avg": 1074.540506439394,
            "min": 1045.2025
        },
        "http_req_connecting": {
            "avg": 1.3175647727272728,
            "min": 0,
            "med": 0,
            "max": 48.9267,
            "p(90)": 0,
            "p(95)": 0
        },
        "data_sent": {
            "count": 38607,
            "rate": 1095.4734089315634
        },
        "http_req_failed": {
            "passes": 0,
            "fails": 264,
            "value": 0
        },
        "http_reqs": {
            "count": 264,
            "rate": 7.490998522494179
        },
        "http_req_duration{expected_response:true}": {
            "max": 1410.1441,
            "p(90)": 80.90755,
            "p(95)": 86.477105,
            "avg": 69.35354128787878,
            "min": 44.7166,
            "med": 60.95265
        },
        "http_req_tls_handshaking": {
            "avg": 2.2126034090909092,
            "min": 0,
            "med": 0,
            "max": 107.5779,
            "p(90)": 0,
            "p(95)": 0
        },
        "http_req_sending": {
            "max": 4.0373,
            "p(90)": 1.1522800000000004,
            "p(95)": 1.9699999999999995,
            "avg": 0.6234500000000001,
            "min": 0,
            "med": 0.55
        },
        "http_req_receiving": {
            "p(95)": 2.393744999999999,
            "avg": 0.5303473484848487,
            "min": 0,
            "med": 0,
            "max": 4.5446,
            "p(90)": 1.8779500000000002
        },
        "http_req_blocked": {
            "avg": 3.7022030303030307,
            "min": 0,
            "med": 0,
            "max": 180.4738,
            "p(90)": 0,
            "p(95)": 0
        },
        "vus": {
            "value": 1,
            "min": 1,
            "max": 10
        },
        "checks": {
            "fails": 0,
            "passes": 264,
            "value": 1
        },
        "http_req_duration": {
            "max": 1410.1441,
            "p(90)": 80.90755,
            "p(95)": 86.477105,
            "avg": 69.35354128787878,
            "min": 44.7166,
            "med": 60.95265
        },
        "http_req_waiting": {
            "p(95)": 84.34684,
            "avg": 68.19974393939393,
            "min": 43.5243,
            "med": 60.0195,
            "max": 1409.5471,
            "p(90)": 79.53394
        },
        "login_duration": {
            "avg": 69.35354128787878,
            "min": 44.7166,
            "med": 60.95265,
            "max": 1410.1441,
            "p(90)": 80.90755,
            "p(95)": 86.477105
        },
        "data_received": {
            "rate": 1506.0595779485739,
            "count": 53077
        },
        "vus_max": {
            "value": 10,
            "min": 10,
            "max": 10
        },
        "iterations": {
            "count": 264,
            "rate": 7.490998522494179
        }
    }
}