{
    "root_group": {
        "path": "",
        "id": "d41d8cd98f00b204e9800998ecf8427e",
        "groups": {},
        "checks": {
                "Login request returned 200": {
                    "passes": 1289,
                    "fails": 0,
                    "name": "Login request returned 200",
                    "path": "::Login request returned 200",
                    "id": "572a92ec029029b4b9c772e6bd54fb50"
                }
            },
        "name": ""
    },
    "metrics": {
        "http_req_sending": {
            "p(95)": 1.5690399999999995,
            "avg": 0.589343522110163,
            "min": 0,
            "med": 0.5331,
            "max": 6.6686,
            "p(90)": 1.0530800000000002
        },
        "http_req_duration{expected_response:true}": {
            "avg": 94.56857742435996,
            "min": 41.1884,
            "med": 67.2005,
            "max": 3631.0611,
            "p(90)": 88.19504,
            "p(95)": 99.32013999999995
        },
        "http_req_tls_handshaking": {
            "med": 0,
            "max": 96.4959,
            "p(90)": 0,
            "p(95)": 0,
            "avg": 1.9146373157486423,
            "min": 0
        },
        "iterations": {
            "count": 1289,
            "rate": 35.88336174786146
        },
        "vus_max": {
            "value": 50,
            "min": 50,
            "max": 50
        },
        "http_req_receiving": {
            "avg": 0.6462507370054306,
            "min": 0,
            "med": 0,
            "max": 18.6513,
            "p(90)": 2.0237600000000002,
            "p(95)": 3.1497799999999967
        },
        "login_duration": {
            "avg": 94.56857742435996,
            "min": 41.1884,
            "med": 67.2005,
            "max": 3631.0611,
            "p(90)": 88.19504,
            "p(95)": 99.32013999999995
        },
        "vus": {
            "value": 4,
            "min": 4,
            "max": 50
        },
        "http_reqs": {
            "count": 1289,
            "rate": 35.88336174786146
        },
        "http_req_waiting": {
            "avg": 93.33298316524426,
            "min": 40.8136,
            "med": 66.0596,
            "max": 3630.1672,
            "p(90)": 86.83196000000001,
            "p(95)": 97.82729999999998
        },
        "checks": {
            "passes": 1289,
            "fails": 0,
            "value": 1
        },
        "data_received": {
            "count": 262598,
            "rate": 7310.239742641523
        },
        "http_req_failed": {
            "passes": 0,
            "fails": 1289,
            "value": 0
        },
        "http_req_duration": {
            "p(95)": 99.32013999999995,
            "avg": 94.56857742435996,
            "min": 41.1884,
            "med": 67.2005,
            "max": 3631.0611,
            "p(90)": 88.19504
        },
        "data_sent": {
            "count": 189063,
            "rate": 5263.162158367673
        },
        "http_req_blocked": {
            "avg": 3.3973855702094644,
            "min": 0,
            "med": 0,
            "max": 268.2769,
            "p(90)": 0,
            "p(95)": 0
        },
        "http_req_connecting": {
            "max": 188.2042,
            "p(90)": 0,
            "p(95)": 0,
            "avg": 1.4532844840961985,
            "min": 0,
            "med": 0
        },
        "iteration_duration": {
            "avg": 1099.6497145849498,
            "min": 1041.5121,
            "med": 1069.2846,
            "max": 4631.2412,
            "p(90)": 1098.4151200000001,
            "p(95)": 1131.9146
        }
    }
}