{
    "metrics": {
        "data_received": {
            "rate": 1520.4727084326166,
            "count": 53348
        },
        "data_sent": {
            "count": 39079,
            "rate": 1113.7915755574384
        },
        "http_reqs": {
            "count": 268,
            "rate": 7.638274834294467
        },
        "login_duration": {
            "med": 52.56465,
            "max": 120.8063,
            "p(90)": 69.49725000000001,
            "p(95)": 75.83656999999997,
            "avg": 56.031653731343276,
            "min": 39.2238
        },
        "http_req_tls_handshaking": {
            "avg": 1.2173701492537314,
            "min": 0,
            "med": 0,
            "max": 47.3131,
            "p(90)": 0,
            "p(95)": 0
        },
        "http_req_blocked": {
            "max": 83.3375,
            "p(90)": 0,
            "p(95)": 0,
            "avg": 2.010100746268657,
            "min": 0,
            "med": 0
        },
        "http_req_connecting": {
            "med": 0,
            "max": 25.9823,
            "p(90)": 0,
            "p(95)": 0,
            "avg": 0.7253242537313432,
            "min": 0
        },
        "http_req_receiving": {
            "p(95)": 0,
            "avg": 0.03209701492537313,
            "min": 0,
            "med": 0,
            "max": 1.0084,
            "p(90)": 0
        },
        "iteration_duration": {
            "avg": 1058.6012138059698,
            "min": 1040.821,
            "med": 1053.3618000000001,
            "max": 1172.2461,
            "p(90)": 1073.0291,
            "p(95)": 1093.94354
        },
        "http_req_duration{expected_response:true}": {
            "avg": 56.031653731343276,
            "min": 39.2238,
            "med": 52.56465,
            "max": 120.8063,
            "p(90)": 69.49725000000001,
            "p(95)": 75.83656999999997
        },
        "http_req_sending": {
            "avg": 0.032245522388059694,
            "min": 0,
            "med": 0,
            "max": 0.5307,
            "p(90)": 0.16491,
            "p(95)": 0.19074499999999997
        },
        "vus": {
            "value": 1,
            "min": 1,
            "max": 10
        },
        "checks": {
            "passes": 268,
            "fails": 0,
            "value": 1
        },
        "vus_max": {
            "value": 10,
            "min": 10,
            "max": 10
        },
        "http_req_duration": {
            "p(95)": 75.83656999999997,
            "avg": 56.031653731343276,
            "min": 39.2238,
            "med": 52.56465,
            "max": 120.8063,
            "p(90)": 69.49725000000001
        },
        "iterations": {
            "rate": 7.638274834294467,
            "count": 268
        },
        "http_req_waiting": {
            "p(90)": 69.49725000000001,
            "p(95)": 75.63831999999996,
            "avg": 55.967311194029854,
            "min": 39.2238,
            "med": 52.56465,
            "max": 120.8063
        },
        "http_req_failed": {
            "passes": 0,
            "fails": 268,
            "value": 0
        }
    },
    "root_group": {
        "groups": {},
        "checks": {
                "Login request returned 200": {
                    "id": "572a92ec029029b4b9c772e6bd54fb50",
                    "passes": 268,
                    "fails": 0,
                    "name": "Login request returned 200",
                    "path": "::Login request returned 200"
                }
            },
        "name": "",
        "path": "",
        "id": "d41d8cd98f00b204e9800998ecf8427e"
    }
}