{
    "root_group": {
        "groups": {},
        "checks": {
                "Login request returned 200": {
                    "passes": 326,
                    "fails": 0,
                    "name": "Login request returned 200",
                    "path": "::Login request returned 200",
                    "id": "572a92ec029029b4b9c772e6bd54fb50"
                }
            },
        "name": "",
        "path": "",
        "id": "d41d8cd98f00b204e9800998ecf8427e"
    },
    "metrics": {
        "http_req_sending": {
            "p(90)": 1.3877000000000002,
            "p(95)": 1.955275,
            "avg": 0.7468315950920245,
            "min": 0,
            "med": 0.57825,
            "max": 5.5329
        },
        "http_req_duration": {
            "min": 44.8601,
            "med": 62.15175,
            "max": 4667.3818,
            "p(90)": 78.97970000000001,
            "p(95)": 89.881275,
            "avg": 96.4639144171779
        },
        "http_req_connecting": {
            "med": 0,
            "max": 47.5698,
            "p(90)": 0,
            "p(95)": 0,
            "avg": 0.9107138036809814,
            "min": 0
        },
        "checks": {
            "passes": 326,
            "fails": 0,
            "value": 1
        },
        "iteration_duration": {
            "max": 5667.8642,
            "p(90)": 1085.32485,
            "p(95)": 1105.07125,
            "avg": 1100.4483073619629,
            "min": 1045.529,
            "med": 1063.3779
        },
        "http_reqs": {
            "count": 326,
            "rate": 6.488444178443887
        },
        "http_req_failed": {
            "passes": 0,
            "fails": 326,
            "value": 0
        },
        "data_received": {
            "count": 58110,
            "rate": 1156.5751264091234
        },
        "vus": {
            "max": 10,
            "value": 1,
            "min": 1
        },
        "http_req_duration{expected_response:true}": {
            "p(95)": 89.881275,
            "avg": 96.4639144171779,
            "min": 44.8601,
            "med": 62.15175,
            "max": 4667.3818,
            "p(90)": 78.97970000000001
        },
        "http_req_blocked": {
            "avg": 2.6474892638036804,
            "min": 0,
            "med": 0,
            "max": 150.9156,
            "p(90)": 0,
            "p(95)": 0
        },
        "http_req_waiting": {
            "min": 43.4933,
            "med": 60.802499999999995,
            "max": 4666.6549,
            "p(90)": 78.74225,
            "p(95)": 88.255225,
            "avg": 95.039127607362
        },
        "login_duration": {
            "avg": 96.4639144171779,
            "min": 44.8601,
            "med": 62.15175,
            "max": 4667.3818,
            "p(90)": 78.97970000000001,
            "p(95)": 89.881275
        },
        "vus_max": {
            "min": 10,
            "max": 10,
            "value": 10
        },
        "iterations": {
            "count": 326,
            "rate": 6.488444178443887
        },
        "data_sent": {
            "count": 46777,
            "rate": 931.0121267946922
        },
        "http_req_tls_handshaking": {
            "avg": 1.6479846625766872,
            "min": 0,
            "med": 0,
            "max": 101.7262,
            "p(90)": 0,
            "p(95)": 0
        },
        "http_req_receiving": {
            "avg": 0.6779552147239263,
            "min": 0,
            "med": 0,
            "max": 6.0503,
            "p(90)": 2.0140000000000002,
            "p(95)": 3.343025
        }
    }
}