{
    "root_group": {
        "name": "",
        "path": "",
        "id": "d41d8cd98f00b204e9800998ecf8427e",
        "groups": {},
        "checks": {
                "Login request returned 200": {
                    "name": "Login request returned 200",
                    "path": "::Login request returned 200",
                    "id": "572a92ec029029b4b9c772e6bd54fb50",
                    "passes": 1194,
                    "fails": 0
                }
            }
    },
    "metrics": {
        "http_req_sending": {
            "p(90)": 0.16597,
            "p(95)": 0.187935,
            "avg": 0.037808961474036853,
            "min": 0,
            "med": 0,
            "max": 0.5417
        },
        "data_received": {
            "rate": 2175.63011284783,
            "count": 175395
        },
        "vus": {
            "min": 1,
            "max": 25,
            "value": 2
        },
        "http_req_failed": {
            "passes": 0,
            "fails": 1194,
            "value": 0
        },
        "http_req_duration{expected_response:true}": {
            "avg": 60.26551507537692,
            "min": 39.7839,
            "med": 50.679199999999994,
            "max": 3783.8551,
            "p(90)": 65.9859,
            "p(95)": 73.76489
        },
        "http_req_waiting": {
            "min": 39.7839,
            "med": 50.59965,
            "max": 3783.8551,
            "p(90)": 65.9859,
            "p(95)": 73.25551499999996,
            "avg": 60.18240536013406
        },
        "http_reqs": {
            "count": 1194,
            "rate": 14.810583852107008
        },
        "http_req_duration": {
            "p(95)": 73.76489,
            "avg": 60.26551507537692,
            "min": 39.7839,
            "med": 50.679199999999994,
            "max": 3783.8551,
            "p(90)": 65.9859
        },
        "vus_max": {
            "value": 25,
            "min": 25,
            "max": 25
        },
        "http_req_blocked": {
            "p(95)": 0,
            "avg": 1.145047487437186,
            "min": 0,
            "med": 0,
            "max": 80.8727,
            "p(90)": 0
        },
        "http_req_receiving": {
            "min": 0,
            "med": 0,
            "max": 1.0328,
            "p(90)": 0,
            "p(95)": 0.3461549999999999,
            "avg": 0.04530075376884423
        },
        "iterations": {
            "count": 1194,
            "rate": 14.810583852107008
        },
        "http_req_tls_handshaking": {
            "p(90)": 0,
            "p(95)": 0,
            "avg": 0.6893175041876048,
            "min": 0,
            "med": 0,
            "max": 48.0993
        },
        "iteration_duration": {
            "avg": 1061.990263065326,
            "min": 1040.1792,
            "med": 1051.2903999999999,
            "max": 4787.3799,
            "p(90)": 1069.5612800000001,
            "p(95)": 1079.954005
        },
        "checks": {
            "passes": 1194,
            "fails": 0,
            "value": 1
        },
        "login_duration": {
            "max": 3783.8551,
            "p(90)": 65.9859,
            "p(95)": 73.76489,
            "avg": 60.26551507537692,
            "min": 39.7839,
            "med": 50.679199999999994
        },
        "data_sent": {
            "count": 164582,
            "rate": 2041.5037785154736
        },
        "http_req_connecting": {
            "avg": 0.44440611390284745,
            "min": 0,
            "med": 0,
            "max": 26.1014,
            "p(90)": 0,
            "p(95)": 0
        }
    }
}