{
    "root_group": {
        "checks": {
            "Login request returned 200": {
                "path": "::Login request returned 200",
                "id": "572a92ec029029b4b9c772e6bd54fb50",
                "passes": 335,
                "fails": 0,
                "name": "Login request returned 200"
            }
        },
        "name": "",
        "path": "",
        "id": "d41d8cd98f00b204e9800998ecf8427e",
        "groups": {}
    },
    "metrics": {
        "http_req_tls_handshaking": {
            "avg": 1.882058507462687,
            "min": 0,
            "med": 0,
            "max": 102.1757,
            "p(90)": 0,
            "p(95)": 0
        },
        "vus_max": {
            "value": 10,
            "min": 10,
            "max": 10
        },
        "http_req_receiving": {
            "avg": 0.5949041791044773,
            "min": 0,
            "med": 0,
            "max": 6.9496,
            "p(90)": 1.9142400000000006,
            "p(95)": 3.535550000000002
        },
        "http_req_sending": {
            "avg": 0.7550698507462684,
            "min": 0,
            "med": 0.5499,
            "max": 9.9875,
            "p(90)": 1.2349400000000004,
            "p(95)": 2.2188200000000076
        },
        "iteration_duration": {
            "avg": 1076.4483441791044,
            "min": 1047.8307,
            "med": 1070.3482,
            "max": 1307.814,
            "p(90)": 1092.5189400000002,
            "p(95)": 1103.70586
        },
        "http_req_failed": {
            "passes": 0,
            "fails": 335,
            "value": 0
        },
        "http_req_connecting": {
            "min": 0,
            "med": 0,
            "max": 61.4216,
            "p(90)": 0,
            "p(95)": 0,
            "avg": 1.2437510447761195
        },
        "data_received": {
            "count": 58863,
            "rate": 1160.148526210189
        },
        "iterations": {
            "count": 335,
            "rate": 6.602615501765341
        },
        "http_reqs": {
            "count": 335,
            "rate": 6.602615501765341
        },
        "data_sent": {
            "count": 47507,
            "rate": 936.3297153503465
        },
        "vus": {
            "min": 1,
            "max": 10,
            "value": 1
        },
        "http_req_duration{expected_response:true}": {
            "min": 47.5552,
            "med": 68.8105,
            "max": 114.0313,
            "p(90)": 86.98148,
            "p(95)": 92.28132000000001,
            "avg": 70.46390029850741
        },
        "checks": {
            "passes": 335,
            "fails": 0,
            "value": 1
        },
        "http_req_duration": {
            "avg": 70.46390029850741,
            "min": 47.5552,
            "med": 68.8105,
            "max": 114.0313,
            "p(90)": 86.98148,
            "p(95)": 92.28132000000001
        },
        "http_req_blocked": {
            "p(95)": 0,
            "avg": 3.3125328358208956,
            "min": 0,
            "med": 0,
            "max": 207.2887,
            "p(90)": 0
        },
        "http_req_waiting": {
            "max": 111.5519,
            "p(90)": 85.66610000000001,
            "p(95)": 90.49329,
            "avg": 69.11392626865663,
            "min": 47.5552,
            "med": 67.6085
        },
        "login_duration": {
            "med": 68.8105,
            "max": 114.0313,
            "p(90)": 86.98148,
            "p(95)": 92.28132000000001,
            "avg": 70.46390029850741,
            "min": 47.5552
        }
    }
}