{
    "metrics": {
        "http_req_sending": {
            "min": 0,
            "med": 0.58275,
            "max": 3.7341,
            "p(90)": 1.1572500000000001,
            "p(95)": 1.5988599999999993,
            "avg": 0.6494833333333335
        },
        "iteration_duration": {
            "p(95)": 1112.9839049999998,
            "avg": 1082.3659617424232,
            "min": 1051.5787,
            "med": 1076.8978499999998,
            "max": 1308.4573,
            "p(90)": 1100.19426
        },
        "data_sent": {
            "count": 38703,
            "rate": 1078.7872264133448
        },
        "http_req_tls_handshaking": {
            "med": 0,
            "max": 121.3771,
            "p(90)": 0,
            "p(95)": 0,
            "avg": 2.372299621212121,
            "min": 0
        },
        "http_reqs": {
            "count": 264,
            "rate": 7.358598242335815
        },
        "http_req_duration": {
            "p(95)": 100.28447,
            "avg": 76.32348674242425,
            "min": 50.5467,
            "med": 74.12845,
            "max": 154.227,
            "p(90)": 94.02730000000001
        },
        "http_req_blocked": {
            "med": 0,
            "max": 233.3343,
            "p(90)": 0,
            "p(95)": 0,
            "avg": 4.46407803030303,
            "min": 0
        },
        "data_received": {
            "count": 53052,
            "rate": 1478.7437649712108
        },
        "http_req_connecting": {
            "min": 0,
            "med": 0,
            "max": 99.8225,
            "p(90)": 0,
            "p(95)": 0,
            "avg": 1.847812121212121
        },
        "http_req_failed": {
            "passes": 0,
            "fails": 264,
            "value": 0
        },
        "login_duration": {
            "p(90)": 94.02730000000001,
            "p(95)": 100.28447,
            "avg": 76.32348674242425,
            "min": 50.5467,
            "med": 74.12845,
            "max": 154.227
        },
        "http_req_waiting": {
            "med": 73.14565,
            "max": 153.6451,
            "p(90)": 92.9864,
            "p(95)": 99.5336,
            "avg": 74.77947310606064,
            "min": 47.6389
        },
        "checks": {
            "fails": 0,
            "passes": 264,
            "value": 1
        },
        "iterations": {
            "rate": 7.358598242335815,
            "count": 264
        },
        "http_req_duration{expected_response:true}": {
            "avg": 76.32348674242425,
            "min": 50.5467,
            "med": 74.12845,
            "max": 154.227,
            "p(90)": 94.02730000000001,
            "p(95)": 100.28447
        },
        "http_req_receiving": {
            "avg": 0.8945303030303029,
            "min": 0,
            "med": 0,
            "max": 6.6635,
            "p(90)": 3.174590000000002,
            "p(95)": 4.019099999999999
        },
        "vus": {
            "value": 1,
            "min": 1,
            "max": 10
        },
        "vus_max": {
            "max": 10,
            "value": 10,
            "min": 10
        }
    },
    "root_group": {
        "name": "",
        "path": "",
        "id": "d41d8cd98f00b204e9800998ecf8427e",
        "groups": {},
        "checks": {
                "Login request returned 200": {
                    "name": "Login request returned 200",
                    "path": "::Login request returned 200",
                    "id": "572a92ec029029b4b9c772e6bd54fb50",
                    "passes": 264,
                    "fails": 0
                }
            }
    }
}