{
    "root_group": {
        "path": "",
        "id": "d41d8cd98f00b204e9800998ecf8427e",
        "groups": {},
        "checks": {
                "Login request returned 200": {
                    "path": "::Login request returned 200",
                    "id": "572a92ec029029b4b9c772e6bd54fb50",
                    "passes": 1903,
                    "fails": 0,
                    "name": "Login request returned 200"
                },
                "Play request returned 200": {
                    "name": "Play request returned 200",
                    "path": "::Play request returned 200",
                    "id": "81a35480d3fa4312b9306d0c2c265fcb",
                    "passes": 1903,
                    "fails": 0
                }
            },
        "name": ""
    },
    "metrics": {
        "http_req_sending": {
            "min": 0,
            "med": 0,
            "max": 1.3791,
            "p(90)": 0.11875,
            "p(95)": 0.179875,
            "avg": 0.03869640042038877
        },
        "http_req_receiving": {
            "max": 1.4982,
            "p(90)": 0,
            "p(95)": 0.243025,
            "avg": 0.03648917498686285,
            "min": 0,
            "med": 0
        },
        "http_req_duration{expected_response:true}": {
            "max": 4395.7456,
            "p(90)": 64.04235,
            "p(95)": 71.759725,
            "avg": 57.010645165528175,
            "min": 38.247,
            "med": 50.20505
        },
        "http_req_connecting": {
            "avg": 0.18972861271676303,
            "min": 0,
            "med": 0,
            "max": 27.2322,
            "p(90)": 0,
            "p(95)": 0
        },
        "http_req_tls_handshaking": {
            "max": 49.9358,
            "p(90)": 0,
            "p(95)": 0,
            "avg": 0.2985451918024172,
            "min": 0,
            "med": 0
        },
        "login_duration": {
            "avg": 59.58223594324755,
            "min": 39.6308,
            "med": 50.4649,
            "max": 4395.7456,
            "p(90)": 64.8799,
            "p(95)": 72.49318999999998
        },
        "play_duration": {
            "min": 38.247,
            "med": 49.9941,
            "max": 2604.6855,
            "p(90)": 63.39844,
            "p(95)": 70.39370999999998,
            "avg": 54.439054387808774
        },
        "checks": {
            "passes": 3806,
            "fails": 0,
            "value": 1
        },
        "vus_max": {
            "value": 35,
            "min": 35,
            "max": 35
        },
        "http_req_blocked": {
            "med": 0,
            "max": 89.3298,
            "p(90)": 0,
            "p(95)": 0,
            "avg": 0.4935846558066211,
            "min": 0
        },
        "http_req_waiting": {
            "min": 38.247,
            "med": 50.1011,
            "max": 4395.7456,
            "p(90)": 63.91735,
            "p(95)": 71.69375,
            "avg": 56.93545959012091
        },
        "iterations": {
            "count": 1903,
            "rate": 18.89509788181981
        },
        "http_reqs": {
            "count": 3806,
            "rate": 37.79019576363962
        },
        "vus": {
            "value": 1,
            "min": 1,
            "max": 35
        },
        "data_received": {
            "count": 380403,
            "rate": 3777.0635415333163
        },
        "data_sent": {
            "count": 390558,
            "rate": 3877.8936618643097
        },
        "iteration_duration": {
            "avg": 1115.6964884393058,
            "min": 1082.5631,
            "med": 1102.3815,
            "max": 5442.4343,
            "p(90)": 1130.06172,
            "p(95)": 1150.46331
        },
        "http_req_failed": {
            "passes": 0,
            "fails": 3806,
            "value": 0
        },
        "http_req_duration": {
            "avg": 57.010645165528175,
            "min": 38.247,
            "med": 50.20505,
            "max": 4395.7456,
            "p(90)": 64.04235,
            "p(95)": 71.759725
        }
    }
}