{
    "metrics": {
        "http_req_failed": {
            "passes": 0,
            "fails": 6412,
            "value": 0
        },
        "data_received": {
            "count": 620573,
            "rate": 4752.633634187877
        },
        "http_reqs": {
            "count": 6412,
            "rate": 49.10604693148536
        },
        "http_req_connecting": {
            "min": 0,
            "med": 0,
            "max": 61.3664,
            "p(90)": 0,
            "p(95)": 0,
            "avg": 0.2391782283218964
        },
        "vus_max": {
            "value": 50,
            "min": 50,
            "max": 50
        },
        "http_req_duration{expected_response:true}": {
            "p(90)": 101.01787,
            "p(95)": 141.397665,
            "avg": 87.96719070492848,
            "min": 42.2149,
            "med": 63.7992,
            "max": 4927.5948
        },
        "http_req_duration": {
            "max": 4927.5948,
            "p(90)": 101.01787,
            "p(95)": 141.397665,
            "avg": 87.96719070492848,
            "min": 42.2149,
            "med": 63.7992
        },
        "http_req_sending": {
            "p(95)": 0.8372199999999997,
            "avg": 0.29242490642545205,
            "min": 0,
            "med": 0,
            "max": 5.0619,
            "p(90)": 0.6849
        },
        "http_req_blocked": {
            "p(95)": 0,
            "avg": 1.210631456643793,
            "min": 0,
            "med": 0,
            "max": 1883.1947,
            "p(90)": 0
        },
        "http_req_receiving": {
            "avg": 0.14272958515283848,
            "min": 0,
            "med": 0,
            "max": 4.2041,
            "p(90)": 0.6460400000000003,
            "p(95)": 0.8922899999999999
        },
        "vus": {
            "min": 1,
            "max": 50,
            "value": 2
        },
        "login_duration": {
            "max": 4927.5948,
            "p(90)": 103.68315,
            "p(95)": 145.800625,
            "avg": 90.96248490330647,
            "min": 43.7058,
            "med": 64.408
        },
        "iteration_duration": {
            "avg": 1179.277236618839,
            "min": 1089.2144,
            "med": 1130.5284000000001,
            "max": 6000.9928,
            "p(90)": 1214.12955,
            "p(95)": 1275.4069
        },
        "checks": {
            "passes": 6412,
            "fails": 0,
            "value": 1
        },
        "iterations": {
            "count": 3206,
            "rate": 24.55302346574268
        },
        "http_req_tls_handshaking": {
            "p(90)": 0,
            "p(95)": 0,
            "avg": 0.9633466469120398,
            "min": 0,
            "med": 0,
            "max": 1862.4256
        },
        "http_req_waiting": {
            "avg": 87.5320362133499,
            "min": 42.2149,
            "med": 63.417,
            "max": 4927.1878,
            "p(90)": 100.36790000000006,
            "p(95)": 141.09375499999993
        },
        "play_duration": {
            "min": 42.2149,
            "med": 63.1417,
            "max": 4430.3622,
            "p(90)": 98.97405,
            "p(95)": 137.1782,
            "avg": 84.97189650655022
        },
        "data_sent": {
            "count": 654389,
            "rate": 5011.612124991855
        }
    },
    "root_group": {
        "name": "",
        "path": "",
        "id": "d41d8cd98f00b204e9800998ecf8427e",
        "groups": {},
        "checks": {
                "Login request returned 200": {
                    "fails": 0,
                    "name": "Login request returned 200",
                    "path": "::Login request returned 200",
                    "id": "572a92ec029029b4b9c772e6bd54fb50",
                    "passes": 3206
                },
                "Play request returned 200": {
                    "path": "::Play request returned 200",
                    "id": "81a35480d3fa4312b9306d0c2c265fcb",
                    "passes": 3206,
                    "fails": 0,
                    "name": "Play request returned 200"
                }
            }
    }
}