{
    "root_group": {
        "name": "",
        "path": "",
        "id": "d41d8cd98f00b204e9800998ecf8427e",
        "groups": {},
        "checks": {
                "Login request returned 200": {
                    "id": "572a92ec029029b4b9c772e6bd54fb50",
                    "passes": 1238,
                    "fails": 0,
                    "name": "Login request returned 200",
                    "path": "::Login request returned 200"
                },
                "Play request returned 200": {
                    "id": "81a35480d3fa4312b9306d0c2c265fcb",
                    "passes": 1238,
                    "fails": 0,
                    "name": "Play request returned 200",
                    "path": "::Play request returned 200"
                }
            }
    },
    "metrics": {
        "http_req_tls_handshaking": {
            "med": 0,
            "max": 116.5542,
            "p(90)": 0,
            "p(95)": 0,
            "avg": 0.9940783521809371,
            "min": 0
        },
        "login_duration": {
            "p(95)": 88.933085,
            "avg": 65.10984353796441,
            "min": 42.8845,
            "med": 62.64595,
            "max": 159.7425,
            "p(90)": 79.54553999999999
        },
        "play_duration": {
            "min": 41.6465,
            "med": 61.929550000000006,
            "max": 210.4717,
            "p(90)": 79.02715,
            "p(95)": 88.349875,
            "avg": 64.77767366720511
        },
        "checks": {
            "passes": 2476,
            "fails": 0,
            "value": 1
        },
        "http_req_waiting": {
            "min": 41.0839,
            "med": 61.4844,
            "max": 210.4717,
            "p(90)": 78.20215,
            "p(95)": 87.47630000000001,
            "avg": 63.961136268174535
        },
        "vus": {
            "min": 3,
            "max": 50,
            "value": 3
        },
        "http_reqs": {
            "count": 2476,
            "rate": 70.0133900325669
        },
        "http_req_duration": {
            "avg": 64.94375860258477,
            "min": 41.6465,
            "med": 62.39875,
            "max": 210.4717,
            "p(90)": 79.46674999999999,
            "p(95)": 88.6081
        },
        "http_req_receiving": {
            "p(90)": 1.7552,
            "p(95)": 2.531075,
            "avg": 0.4880418416801292,
            "min": 0,
            "med": 0,
            "max": 7.5879
        },
        "vus_max": {
            "value": 50,
            "min": 50,
            "max": 50
        },
        "http_req_blocked": {
            "p(90)": 0,
            "p(95)": 0,
            "avg": 1.729465064620356,
            "min": 0,
            "med": 0,
            "max": 226.5478
        },
        "iteration_duration": {
            "avg": 1135.258758239096,
            "min": 1092.7756,
            "med": 1128.9744999999998,
            "max": 1358.4581,
            "p(90)": 1164.33559,
            "p(95)": 1193.53056
        },
        "iterations": {
            "count": 1238,
            "rate": 35.00669501628345
        },
        "http_req_connecting": {
            "avg": 0.7103819063004844,
            "min": 0,
            "med": 0,
            "max": 81.7667,
            "p(90)": 0,
            "p(95)": 0
        },
        "data_sent": {
            "count": 270407,
            "rate": 7646.248286969435
        },
        "data_received": {
            "count": 338233,
            "rate": 9564.15143412165
        },
        "http_req_duration{expected_response:true}": {
            "min": 41.6465,
            "med": 62.39875,
            "max": 210.4717,
            "p(90)": 79.46674999999999,
            "p(95)": 88.6081,
            "avg": 64.94375860258477
        },
        "http_req_sending": {
            "max": 9.1197,
            "p(90)": 0.89925,
            "p(95)": 1.414075,
            "avg": 0.4945804927302094,
            "min": 0,
            "med": 0.516
        },
        "http_req_failed": {
            "passes": 0,
            "fails": 2476,
            "value": 0
        }
    }
}