{
    "root_group": {
        "id": "d41d8cd98f00b204e9800998ecf8427e",
        "groups": {},
        "checks": {
                "Login request returned 200": {
                    "id": "572a92ec029029b4b9c772e6bd54fb50",
                    "passes": 1992,
                    "fails": 0,
                    "name": "Login request returned 200",
                    "path": "::Login request returned 200"
                }
            },
        "name": "",
        "path": ""
    },
    "metrics": {
        "http_reqs": {
            "count": 1992,
            "rate": 19.732789872224053
        },
        "http_req_duration": {
            "avg": 64.88302796184733,
            "min": 39.365,
            "med": 50.18925,
            "max": 5269.9921,
            "p(90)": 64.45157,
            "p(95)": 71.80698499999995
        },
        "iteration_duration": {
            "p(95)": 1076.83589,
            "avg": 1066.4313269578317,
            "min": 1039.8177,
            "med": 1050.9297000000001,
            "max": 6270.6192,
            "p(90)": 1066.52021
        },
        "http_req_blocked": {
            "avg": 0.960447138554217,
            "min": 0,
            "med": 0,
            "max": 125.8072,
            "p(90)": 0,
            "p(95)": 0
        },
        "http_req_sending": {
            "p(95)": 0.18331499999999987,
            "avg": 0.03343529116465862,
            "min": 0,
            "med": 0,
            "max": 0.5383,
            "p(90)": 0.15646000000000004
        },
        "data_received": {
            "rate": 2684.4618101624565,
            "count": 270993
        },
        "data_sent": {
            "count": 269190,
            "rate": 2666.6012578835307
        },
        "login_duration": {
            "min": 39.365,
            "med": 50.18925,
            "max": 5269.9921,
            "p(90)": 64.45157,
            "p(95)": 71.80698499999995,
            "avg": 64.88302796184733
        },
        "checks": {
            "passes": 1992,
            "fails": 0,
            "value": 1
        },
        "http_req_tls_handshaking": {
            "min": 0,
            "med": 0,
            "max": 47.7709,
            "p(90)": 0,
            "p(95)": 0,
            "avg": 0.5736179718875501
        },
        "http_req_receiving": {
            "med": 0,
            "max": 1.1181,
            "p(90)": 0,
            "p(95)": 0.2617349999999996,
            "avg": 0.037265562248995986,
            "min": 0
        },
        "vus": {
            "min": 1,
            "max": 35,
            "value": 2
        },
        "iterations": {
            "rate": 19.732789872224053,
            "count": 1992
        },
        "http_req_failed": {
            "passes": 0,
            "fails": 1992,
            "value": 0
        },
        "http_req_waiting": {
            "avg": 64.81232710843369,
            "min": 39.365,
            "med": 50.18045,
            "max": 5269.9921,
            "p(90)": 64.36864,
            "p(95)": 71.59649
        },
        "http_req_duration{expected_response:true}": {
            "max": 5269.9921,
            "p(90)": 64.45157,
            "p(95)": 71.80698499999995,
            "avg": 64.88302796184733,
            "min": 39.365,
            "med": 50.18925
        },
        "http_req_connecting": {
            "p(90)": 0,
            "p(95)": 0,
            "avg": 0.35616280120481925,
            "min": 0,
            "med": 0,
            "max": 25.4393
        },
        "vus_max": {
            "value": 35,
            "min": 35,
            "max": 35
        }
    }
}