{
    "root_group": {
        "groups": {},
        "checks": {
                "Login request returned 200": {
                    "name": "Login request returned 200",
                    "path": "::Login request returned 200",
                    "id": "572a92ec029029b4b9c772e6bd54fb50",
                    "passes": 311,
                    "fails": 0
                },
                "Play request returned 200": {
                    "name": "Play request returned 200",
                    "path": "::Play request returned 200",
                    "id": "81a35480d3fa4312b9306d0c2c265fcb",
                    "passes": 311,
                    "fails": 0
                }
            },
        "name": "",
        "path": "",
        "id": "d41d8cd98f00b204e9800998ecf8427e"
    },
    "metrics": {
        "http_req_blocked": {
            "min": 0,
            "med": 0,
            "max": 205.6916,
            "p(90)": 0,
            "p(95)": 0,
            "avg": 1.6948795819935694
        },
        "http_req_tls_handshaking": {
            "max": 103.4322,
            "p(90)": 0,
            "p(95)": 0,
            "avg": 0.9577339228295818,
            "min": 0,
            "med": 0
        },
        "http_req_waiting": {
            "max": 3109.0975,
            "p(90)": 88.49366999999998,
            "p(95)": 97.66089499999998,
            "avg": 79.09169389067522,
            "min": 42.5347,
            "med": 66.94215
        },
        "checks": {
            "passes": 622,
            "fails": 0,
            "value": 1
        },
        "data_sent": {
            "count": 66505,
            "rate": 1325.0310882716924
        },
        "http_reqs": {
            "count": 622,
            "rate": 12.392592089391664
        },
        "http_req_sending": {
            "max": 7.8523,
            "p(90)": 1.2070799999999995,
            "p(95)": 1.7599449999999999,
            "avg": 0.6008454983922825,
            "min": 0,
            "med": 0.5367999999999999
        },
        "vus": {
            "value": 1,
            "min": 1,
            "max": 10
        },
        "http_req_receiving": {
            "avg": 0.8776080385852086,
            "min": 0,
            "med": 0,
            "max": 8.2874,
            "p(90)": 3.2496799999999997,
            "p(95)": 4.323134999999995
        },
        "vus_max": {
            "value": 10,
            "min": 10,
            "max": 10
        },
        "data_received": {
            "count": 76675,
            "rate": 1527.6559460676942
        },
        "http_req_connecting": {
            "avg": 0.6318659163987137,
            "min": 0,
            "med": 0,
            "max": 49.1849,
            "p(90)": 0,
            "p(95)": 0
        },
        "http_req_failed": {
            "passes": 0,
            "fails": 622,
            "value": 0
        },
        "play_duration": {
            "med": 68.429,
            "max": 3109.7662,
            "p(90)": 87.0099,
            "p(95)": 98.375,
            "avg": 80.6669115755627,
            "min": 43.2674
        },
        "iteration_duration": {
            "avg": 1166.728149196141,
            "min": 1101.483,
            "med": 1140.5924,
            "max": 4177.7079,
            "p(90)": 1182.5615,
            "p(95)": 1217.601
        },
        "login_duration": {
            "p(95)": 98.37885,
            "avg": 80.4733832797427,
            "min": 47.3812,
            "med": 67.8764,
            "max": 2926.0473,
            "p(90)": 91.6421
        },
        "iterations": {
            "count": 311,
            "rate": 6.196296044695832
        },
        "http_req_duration": {
            "max": 3109.7662,
            "p(90)": 89.43936,
            "p(95)": 98.42971999999999,
            "avg": 80.57014742765277,
            "min": 43.2674,
            "med": 68.2537
        },
        "http_req_duration{expected_response:true}": {
            "max": 3109.7662,
            "p(90)": 89.43936,
            "p(95)": 98.42971999999999,
            "avg": 80.57014742765277,
            "min": 43.2674,
            "med": 68.2537
        }
    }
}