{
    "root_group": {
        "path": "",
        "id": "d41d8cd98f00b204e9800998ecf8427e",
        "groups": {},
        "checks": {
                "Login request returned 200": {
                    "fails": 0,
                    "name": "Login request returned 200",
                    "path": "::Login request returned 200",
                    "id": "572a92ec029029b4b9c772e6bd54fb50",
                    "passes": 642
                }
            },
        "name": ""
    },
    "metrics": {
        "data_sent": {
            "count": 94121,
            "rate": 2668.6155935039387
        },
        "iteration_duration": {
            "med": 1062.5778500000001,
            "max": 1449.2187,
            "p(90)": 1234.32203,
            "p(95)": 1351.98266,
            "avg": 1099.6875235202492,
            "min": 1044.0816
        },
        "http_req_duration{expected_response:true}": {
            "avg": 94.91070669781921,
            "min": 41.7327,
            "med": 60.45140000000001,
            "max": 448.8998,
            "p(90)": 232.63439999999997,
            "p(95)": 350.244155
        },
        "http_req_duration": {
            "avg": 94.91070669781921,
            "min": 41.7327,
            "med": 60.45140000000001,
            "max": 448.8998,
            "p(90)": 232.63439999999997,
            "p(95)": 350.244155
        },
        "http_req_waiting": {
            "avg": 93.64001869158884,
            "min": 39.3273,
            "med": 59.1472,
            "max": 448.1796,
            "p(90)": 231.77937999999997,
            "p(95)": 349.25728499999997
        },
        "login_duration": {
            "avg": 94.91070669781921,
            "min": 41.7327,
            "med": 60.45140000000001,
            "max": 448.8998,
            "p(90)": 232.63439999999997,
            "p(95)": 350.244155
        },
        "checks": {
            "passes": 642,
            "fails": 0,
            "value": 1
        },
        "http_req_failed": {
            "passes": 0,
            "fails": 642,
            "value": 0
        },
        "vus": {
            "value": 2,
            "min": 2,
            "max": 25
        },
        "iterations": {
            "count": 642,
            "rate": 18.202645647937533
        },
        "http_req_connecting": {
            "p(95)": 0,
            "avg": 1.1336130841121494,
            "min": 0,
            "med": 0,
            "max": 62.7215,
            "p(90)": 0
        },
        "data_received": {
            "count": 131075,
            "rate": 3716.3734864539133
        },
        "http_reqs": {
            "count": 642,
            "rate": 18.202645647937533
        },
        "http_req_tls_handshaking": {
            "min": 0,
            "med": 0,
            "max": 88.8529,
            "p(90)": 0,
            "p(95)": 0,
            "avg": 1.7192665109034269
        },
        "http_req_sending": {
            "p(95)": 1.2983699999999985,
            "avg": 0.5435690031152645,
            "min": 0,
            "med": 0.5418499999999999,
            "max": 4.4073,
            "p(90)": 1.0281299999999998
        },
        "http_req_receiving": {
            "avg": 0.7271190031152652,
            "min": 0,
            "med": 0,
            "max": 7.0283,
            "p(90)": 2.519669999999998,
            "p(95)": 3.6843449999999964
        },
        "http_req_blocked": {
            "avg": 2.968944236760125,
            "min": 0,
            "med": 0,
            "max": 179.8223,
            "p(90)": 0,
            "p(95)": 0
        },
        "vus_max": {
            "value": 25,
            "min": 25,
            "max": 25
        }
    }
}