{
    "metrics": {
        "vus_max": {
            "value": 35,
            "min": 35,
            "max": 35
        },
        "http_req_waiting": {
            "med": 50.43255,
            "max": 248.9267,
            "p(90)": 64.0933,
            "p(95)": 71.51594,
            "avg": 53.374172259507795,
            "min": 39.8292
        },
        "iteration_duration": {
            "med": 1103.5189,
            "max": 1300.7573,
            "p(90)": 1131.91671,
            "p(95)": 1155.1386499999999,
            "avg": 1109.7865825503368,
            "min": 1081.601
        },
        "http_reqs": {
            "count": 1788,
            "rate": 50.35546380960279
        },
        "http_req_duration{expected_response:true}": {
            "avg": 53.46284423937358,
            "min": 39.8292,
            "med": 50.60635,
            "max": 249.0528,
            "p(90)": 64.21148,
            "p(95)": 71.51916
        },
        "login_duration": {
            "avg": 54.09327069351237,
            "min": 39.8292,
            "med": 50.68745,
            "max": 249.0528,
            "p(90)": 64.5548,
            "p(95)": 73.99472999999993
        },
        "http_req_duration": {
            "avg": 53.46284423937358,
            "min": 39.8292,
            "med": 50.60635,
            "max": 249.0528,
            "p(90)": 64.21148,
            "p(95)": 71.51916
        },
        "http_req_sending": {
            "avg": 0.04940766219239373,
            "min": 0,
            "med": 0,
            "max": 1.4214,
            "p(90)": 0.13713,
            "p(95)": 0.19804999999999987
        },
        "http_req_tls_handshaking": {
            "avg": 0.6255869686800896,
            "min": 0,
            "med": 0,
            "max": 47.0187,
            "p(90)": 0,
            "p(95)": 0
        },
        "vus": {
            "min": 3,
            "max": 35,
            "value": 3
        },
        "play_duration": {
            "p(95)": 70.37899999999996,
            "avg": 52.832417785234945,
            "min": 39.8529,
            "med": 50.49005,
            "max": 183.4966,
            "p(90)": 63.63953
        },
        "http_req_failed": {
            "passes": 0,
            "fails": 1788,
            "value": 0
        },
        "checks": {
            "passes": 1788,
            "fails": 0,
            "value": 1
        },
        "data_sent": {
            "rate": 5476.691786504808,
            "count": 194464
        },
        "data_received": {
            "rate": 6701.557464361209,
            "count": 237956
        },
        "http_req_connecting": {
            "max": 26.9931,
            "p(90)": 0,
            "p(95)": 0,
            "avg": 0.43014356823266214,
            "min": 0,
            "med": 0
        },
        "http_req_receiving": {
            "max": 1.0974,
            "p(90)": 0,
            "p(95)": 0.30714999999999903,
            "avg": 0.03926431767337807,
            "min": 0,
            "med": 0
        },
        "iterations": {
            "count": 894,
            "rate": 25.177731904801394
        },
        "http_req_blocked": {
            "med": 0,
            "max": 77.5419,
            "p(90)": 0,
            "p(95)": 0,
            "avg": 1.0642511185682326,
            "min": 0
        }
    },
    "root_group": {
        "name": "",
        "path": "",
        "id": "d41d8cd98f00b204e9800998ecf8427e",
        "groups": {},
        "checks": {
                "Login request returned 200": {
                    "passes": 894,
                    "fails": 0,
                    "name": "Login request returned 200",
                    "path": "::Login request returned 200",
                    "id": "572a92ec029029b4b9c772e6bd54fb50"
                },
                "Play request returned 200": {
                    "fails": 0,
                    "name": "Play request returned 200",
                    "path": "::Play request returned 200",
                    "id": "81a35480d3fa4312b9306d0c2c265fcb",
                    "passes": 894
                }
            }
    }
}