{
    "root_group": {
        "checks": {
            "Login request returned 200": {
                "fails": 0,
                "name": "Login request returned 200",
                "path": "::Login request returned 200",
                "id": "572a92ec029029b4b9c772e6bd54fb50",
                "passes": 309
            },
            "Play request returned 200": {
                "name": "Play request returned 200",
                "path": "::Play request returned 200",
                "id": "81a35480d3fa4312b9306d0c2c265fcb",
                "passes": 309,
                "fails": 0
            }
        },
        "name": "",
        "path": "",
        "id": "d41d8cd98f00b204e9800998ecf8427e",
        "groups": {}
    },
    "metrics": {
        "http_req_receiving": {
            "med": 0,
            "max": 6.5645,
            "p(90)": 2.5614800000000035,
            "p(95)": 3.547434999999999,
            "avg": 0.724800323624596,
            "min": 0
        },
        "http_req_waiting": {
            "avg": 80.35650922330093,
            "min": 45.3405,
            "med": 66.77725000000001,
            "max": 3673.4657,
            "p(90)": 85.87289000000001,
            "p(95)": 93.610575
        },
        "vus_max": {
            "value": 10,
            "min": 10,
            "max": 10
        },
        "vus": {
            "value": 1,
            "min": 1,
            "max": 10
        },
        "iteration_duration": {
            "p(90)": 1171.83704,
            "p(95)": 1188.12974,
            "avg": 1168.2588922330099,
            "min": 1103.2844,
            "med": 1140.1092,
            "max": 4749.4947
        },
        "http_req_duration{expected_response:true}": {
            "p(90)": 86.81298000000001,
            "p(95)": 95.85273,
            "avg": 81.67657621359224,
            "min": 46.4137,
            "med": 68.01335,
            "max": 3673.9816
        },
        "http_req_blocked": {
            "p(95)": 0,
            "avg": 1.4899009708737863,
            "min": 0,
            "med": 0,
            "max": 154.0683,
            "p(90)": 0
        },
        "http_req_sending": {
            "min": 0,
            "med": 0.5369,
            "max": 9.4484,
            "p(90)": 1.10122,
            "p(95)": 1.5611449999999996,
            "avg": 0.595266666666667
        },
        "http_req_failed": {
            "passes": 0,
            "fails": 618,
            "value": 0
        },
        "data_sent": {
            "count": 66139,
            "rate": 1315.8024391402976
        },
        "data_received": {
            "count": 76558,
            "rate": 1523.083250966947
        },
        "http_req_duration": {
            "p(95)": 95.85273,
            "avg": 81.67657621359224,
            "min": 46.4137,
            "med": 68.01335,
            "max": 3673.9816,
            "p(90)": 86.81298000000001
        },
        "http_reqs": {
            "count": 618,
            "rate": 12.294801968410528
        },
        "http_req_tls_handshaking": {
            "avg": 0.8144263754045307,
            "min": 0,
            "med": 0,
            "max": 90.2428,
            "p(90)": 0,
            "p(95)": 0
        },
        "login_duration": {
            "avg": 74.94966893203883,
            "min": 47.1287,
            "med": 68.9562,
            "max": 1348.0982,
            "p(90)": 87.10154,
            "p(95)": 94.11695999999999
        },
        "play_duration": {
            "avg": 88.40348349514572,
            "min": 46.4137,
            "med": 66.8867,
            "max": 3673.9816,
            "p(90)": 86.21776,
            "p(95)": 96.27157999999999
        },
        "iterations": {
            "count": 309,
            "rate": 6.147400984205264
        },
        "http_req_connecting": {
            "avg": 0.603022006472492,
            "min": 0,
            "med": 0,
            "max": 55.6409,
            "p(90)": 0,
            "p(95)": 0
        },
        "checks": {
            "passes": 618,
            "fails": 0,
            "value": 1
        }
    }
}