{
    "metrics": {
        "vus_max": {
            "value": 50,
            "min": 50,
            "max": 50
        },
        "http_reqs": {
            "count": 1305,
            "rate": 36.924183068435944
        },
        "data_received": {
            "rate": 7472.096522179952,
            "count": 264084
        },
        "vus": {
            "value": 4,
            "min": 4,
            "max": 50
        },
        "login_duration": {
            "avg": 77.37891639846747,
            "min": 40.7842,
            "med": 52.47,
            "max": 3991.1545,
            "p(90)": 69.88130000000001,
            "p(95)": 80.75919999999999
        },
        "http_req_sending": {
            "min": 0,
            "med": 0,
            "max": 1.9265,
            "p(90)": 0.18036000000000002,
            "p(95)": 0.20898,
            "avg": 0.04221785440613025
        },
        "iterations": {
            "count": 1305,
            "rate": 36.924183068435944
        },
        "data_sent": {
            "count": 193388,
            "rate": 5471.796103631181
        },
        "http_req_failed": {
            "passes": 0,
            "fails": 1305,
            "value": 0
        },
        "iteration_duration": {
            "p(95)": 1103.54578,
            "avg": 1080.0764553256704,
            "min": 1041.2067,
            "med": 1053.456,
            "max": 4991.4386,
            "p(90)": 1076.94764
        },
        "http_req_duration": {
            "min": 40.7842,
            "med": 52.47,
            "max": 3991.1545,
            "p(90)": 69.88130000000001,
            "p(95)": 80.75919999999999,
            "avg": 77.37891639846747
        },
        "checks": {
            "passes": 1305,
            "fails": 0,
            "value": 1
        },
        "http_req_blocked": {
            "avg": 2.0940096551724134,
            "min": 0,
            "med": 0,
            "max": 119.9191,
            "p(90)": 0,
            "p(95)": 0
        },
        "http_req_waiting": {
            "med": 52.3636,
            "max": 3990.1557,
            "p(90)": 69.88130000000001,
            "p(95)": 80.62856,
            "avg": 77.30473908045974,
            "min": 40.6325
        },
        "http_req_receiving": {
            "avg": 0.03195946360153257,
            "min": 0,
            "med": 0,
            "max": 1.004,
            "p(90)": 0,
            "p(95)": 0.10343999999999996
        },
        "http_req_duration{expected_response:true}": {
            "avg": 77.37891639846747,
            "min": 40.7842,
            "med": 52.47,
            "max": 3991.1545,
            "p(90)": 69.88130000000001,
            "p(95)": 80.75919999999999
        },
        "http_req_connecting": {
            "p(95)": 0,
            "avg": 0.8263295785440611,
            "min": 0,
            "med": 0,
            "max": 26.9476,
            "p(90)": 0
        },
        "http_req_tls_handshaking": {
            "avg": 1.2265975478927202,
            "min": 0,
            "med": 0,
            "max": 48.3477,
            "p(90)": 0,
            "p(95)": 0
        }
    },
    "root_group": {
        "name": "",
        "path": "",
        "id": "d41d8cd98f00b204e9800998ecf8427e",
        "groups": {},
        "checks": {
                "Login request returned 200": {
                    "name": "Login request returned 200",
                    "path": "::Login request returned 200",
                    "id": "572a92ec029029b4b9c772e6bd54fb50",
                    "passes": 1305,
                    "fails": 0
                }
            }
    }
}