{
    "metrics": {
        "http_req_sending": {
            "avg": 0.5489526963657678,
            "min": 0,
            "med": 0.5124,
            "max": 8.9201,
            "p(90)": 1.0545499999999999,
            "p(95)": 2.014825
        },
        "http_req_receiving": {
            "p(90)": 1.99055,
            "p(95)": 3.5064,
            "avg": 0.5188978311840563,
            "min": 0,
            "med": 0,
            "max": 8.2271
        },
        "http_req_waiting": {
            "p(95)": 89.788825,
            "avg": 73.83861184056268,
            "min": 40.6005,
            "med": 61.84035,
            "max": 3839.8152,
            "p(90)": 81.5561
        },
        "http_req_connecting": {
            "avg": 0.680975263774912,
            "min": 0,
            "med": 0,
            "max": 77.172,
            "p(90)": 0,
            "p(95)": 0
        },
        "iteration_duration": {
            "med": 1130.0529,
            "max": 4912.7746,
            "p(90)": 1171.65742,
            "p(95)": 1198.33494,
            "avg": 1155.6500539273152,
            "min": 1095.7008
        },
        "http_req_duration": {
            "p(90)": 82.5724,
            "p(95)": 90.795575,
            "avg": 74.90646236811256,
            "min": 41.2271,
            "med": 62.65755,
            "max": 3840.2048
        },
        "http_req_duration{expected_response:true}": {
            "med": 62.65755,
            "max": 3840.2048,
            "p(90)": 82.5724,
            "p(95)": 90.795575,
            "avg": 74.90646236811256,
            "min": 41.2271
        },
        "checks": {
            "passes": 1706,
            "fails": 0,
            "value": 1
        },
        "play_duration": {
            "min": 42.957,
            "med": 62.5099,
            "max": 3462.5983,
            "p(90)": 83.02678,
            "p(95)": 92.31796,
            "avg": 77.67763716295433
        },
        "vus": {
            "value": 2,
            "min": 2,
            "max": 35
        },
        "vus_max": {
            "max": 35,
            "value": 35,
            "min": 35
        },
        "data_received": {
            "count": 235620,
            "rate": 6685.151053530239
        },
        "iterations": {
            "count": 853,
            "rate": 24.201824330113293
        },
        "http_req_failed": {
            "passes": 0,
            "fails": 1706,
            "value": 0
        },
        "http_req_blocked": {
            "p(95)": 0,
            "avg": 1.6755769636576787,
            "min": 0,
            "med": 0,
            "max": 152.4102,
            "p(90)": 0
        },
        "login_duration": {
            "avg": 72.13528757327086,
            "min": 41.2271,
            "med": 62.7025,
            "max": 3840.2048,
            "p(90)": 81.546,
            "p(95)": 88.34949999999999
        },
        "http_req_tls_handshaking": {
            "med": 0,
            "max": 82.5793,
            "p(90)": 0,
            "p(95)": 0,
            "avg": 0.9451606096131302,
            "min": 0
        },
        "http_reqs": {
            "count": 1706,
            "rate": 48.40364866022659
        },
        "data_sent": {
            "count": 186733,
            "rate": 5298.099956195832
        }
    },
    "root_group": {
        "name": "",
        "path": "",
        "id": "d41d8cd98f00b204e9800998ecf8427e",
        "groups": {},
        "checks": {
                "Login request returned 200": {
                    "path": "::Login request returned 200",
                    "id": "572a92ec029029b4b9c772e6bd54fb50",
                    "passes": 853,
                    "fails": 0,
                    "name": "Login request returned 200"
                },
                "Play request returned 200": {
                    "name": "Play request returned 200",
                    "path": "::Play request returned 200",
                    "id": "81a35480d3fa4312b9306d0c2c265fcb",
                    "passes": 853,
                    "fails": 0
                }
            }
    }
}