{
    "root_group": {
        "checks": {
            "Login request returned 200": {
                "name": "Login request returned 200",
                "path": "::Login request returned 200",
                "id": "572a92ec029029b4b9c772e6bd54fb50",
                "passes": 1218,
                "fails": 0
            },
            "Play request returned 200": {
                "id": "81a35480d3fa4312b9306d0c2c265fcb",
                "passes": 1218,
                "fails": 0,
                "name": "Play request returned 200",
                "path": "::Play request returned 200"
            }
        },
        "name": "",
        "path": "",
        "id": "d41d8cd98f00b204e9800998ecf8427e",
        "groups": {}
    },
    "metrics": {
        "http_req_failed": {
            "passes": 0,
            "fails": 2436,
            "value": 0
        },
        "checks": {
            "passes": 2436,
            "fails": 0,
            "value": 1
        },
        "http_req_blocked": {
            "avg": 1.8872599753694583,
            "min": 0,
            "med": 0,
            "max": 165.7445,
            "p(90)": 0,
            "p(95)": 0
        },
        "http_req_tls_handshaking": {
            "p(90)": 0,
            "p(95)": 0,
            "avg": 1.1100453201970444,
            "min": 0,
            "med": 0,
            "max": 111.1577
        },
        "data_sent": {
            "count": 267390,
            "rate": 7506.1916185447235
        },
        "http_reqs": {
            "count": 2436,
            "rate": 68.38357000177623
        },
        "http_req_duration{expected_response:true}": {
            "avg": 75.18512060755333,
            "min": 46.2821,
            "med": 73.03235000000001,
            "max": 201.885,
            "p(90)": 91.90485,
            "p(95)": 99.966275
        },
        "vus_max": {
            "value": 50,
            "min": 50,
            "max": 50
        },
        "http_req_sending": {
            "avg": 0.47730866174055825,
            "min": 0,
            "med": 0.5152,
            "max": 9.7506,
            "p(90)": 0.84865,
            "p(95)": 1.257025
        },
        "play_duration": {
            "max": 165.8362,
            "p(90)": 92.04589,
            "p(95)": 100.02378499999998,
            "avg": 75.22913382594416,
            "min": 47.4719,
            "med": 72.96690000000001
        },
        "data_received": {
            "count": 336622,
            "rate": 9449.677381419506
        },
        "http_req_receiving": {
            "p(90)": 1.5312000000000001,
            "p(95)": 2.5399000000000003,
            "avg": 0.46653509852216735,
            "min": 0,
            "med": 0,
            "max": 7.9503
        },
        "http_req_duration": {
            "avg": 75.18512060755333,
            "min": 46.2821,
            "med": 73.03235000000001,
            "max": 201.885,
            "p(90)": 91.90485,
            "p(95)": 99.966275
        },
        "http_req_waiting": {
            "max": 199.986,
            "p(90)": 90.88575,
            "p(95)": 99.117975,
            "avg": 74.24127684729075,
            "min": 44.2057,
            "med": 72.08825
        },
        "iterations": {
            "count": 1218,
            "rate": 34.19178500088812
        },
        "vus": {
            "value": 3,
            "min": 3,
            "max": 50
        },
        "login_duration": {
            "avg": 75.14110738916258,
            "min": 46.2821,
            "med": 73.0529,
            "max": 201.885,
            "p(90)": 91.5166,
            "p(95)": 99.674405
        },
        "iteration_duration": {
            "max": 1379.783,
            "p(90)": 1187.2463400000001,
            "p(95)": 1208.4540699999998,
            "avg": 1155.919394663382,
            "min": 1101.1746,
            "med": 1149.94715
        },
        "http_req_connecting": {
            "min": 0,
            "med": 0,
            "max": 97.2971,
            "p(90)": 0,
            "p(95)": 0,
            "avg": 0.7553442939244664
        }
    }
}