{
    "root_group": {
        "checks": {
            "Login request returned 200": {
                "name": "Login request returned 200",
                "path": "::Login request returned 200",
                "id": "572a92ec029029b4b9c772e6bd54fb50",
                "passes": 1197,
                "fails": 0
            },
            "Play request returned 200": {
                "name": "Play request returned 200",
                "path": "::Play request returned 200",
                "id": "81a35480d3fa4312b9306d0c2c265fcb",
                "passes": 1197,
                "fails": 0
            }
        },
        "name": "",
        "path": "",
        "id": "d41d8cd98f00b204e9800998ecf8427e",
        "groups": {}
    },
    "metrics": {
        "iteration_duration": {
            "avg": 1179.5075974101928,
            "min": 1092.88,
            "med": 1129.8368,
            "max": 6835.5337,
            "p(90)": 1170.0664000000002,
            "p(95)": 1198.2246
        },
        "http_req_tls_handshaking": {
            "med": 0,
            "max": 111.2552,
            "p(90)": 0,
            "p(95)": 0,
            "avg": 0.9574960735171258,
            "min": 0
        },
        "http_req_duration{expected_response:true}": {
            "avg": 87.08361144527994,
            "min": 42.0178,
            "med": 62.9049,
            "max": 5766.555,
            "p(90)": 81.72121000000001,
            "p(95)": 89.91604
        },
        "http_req_sending": {
            "avg": 0.5040517961570594,
            "min": 0,
            "med": 0.5135,
            "max": 34.5322,
            "p(90)": 0.960860000000001,
            "p(95)": 1.36161
        },
        "vus": {
            "value": 4,
            "min": 4,
            "max": 50
        },
        "data_received": {
            "count": 332597,
            "rate": 9329.007364972746
        },
        "http_reqs": {
            "count": 2394,
            "rate": 67.14926361856767
        },
        "vus_max": {
            "value": 50,
            "min": 50,
            "max": 50
        },
        "http_req_blocked": {
            "p(90)": 0,
            "p(95)": 0,
            "avg": 1.644740977443609,
            "min": 0,
            "med": 0,
            "max": 206.0253
        },
        "play_duration": {
            "p(95)": 86.74418,
            "avg": 88.41369064327468,
            "min": 42.7138,
            "med": 62.6317,
            "max": 5622.6639,
            "p(90)": 79.04216000000001
        },
        "http_req_waiting": {
            "med": 61.8908,
            "max": 5766.555,
            "p(90)": 80.82444000000001,
            "p(95)": 88.69985,
            "avg": 85.99850200501251,
            "min": 36.5196
        },
        "data_sent": {
            "count": 262446,
            "rate": 7361.343207869095
        },
        "http_req_receiving": {
            "avg": 0.5810576441102758,
            "min": 0,
            "med": 0,
            "max": 12.4648,
            "p(90)": 2.01544,
            "p(95)": 3.2815999999999987
        },
        "checks": {
            "passes": 2394,
            "fails": 0,
            "value": 1
        },
        "iterations": {
            "count": 1197,
            "rate": 33.57463180928384
        },
        "http_req_connecting": {
            "med": 0,
            "max": 53.9181,
            "p(90)": 0,
            "p(95)": 0,
            "avg": 0.6503916875522139,
            "min": 0
        },
        "http_req_duration": {
            "min": 42.0178,
            "med": 62.9049,
            "max": 5766.555,
            "p(90)": 81.72121000000001,
            "p(95)": 89.91604,
            "avg": 87.08361144527994
        },
        "http_req_failed": {
            "passes": 0,
            "fails": 2394,
            "value": 0
        },
        "login_duration": {
            "p(90)": 84.33268000000002,
            "p(95)": 92.05100000000002,
            "avg": 85.75353224728495,
            "min": 42.0178,
            "med": 63.2197,
            "max": 5766.555
        }
    }
}