{
    "metrics": {
        "http_req_duration": {
            "max": 5241.1978,
            "p(90)": 75.86882,
            "p(95)": 83.691465,
            "avg": 79.47476153005434,
            "min": 40.2596,
            "med": 59.348
        },
        "http_req_duration{expected_response:true}": {
            "avg": 79.47476153005434,
            "min": 40.2596,
            "med": 59.348,
            "max": 5241.1978,
            "p(90)": 75.86882,
            "p(95)": 83.691465
        },
        "http_req_tls_handshaking": {
            "min": 0,
            "med": 0,
            "max": 81.9567,
            "p(90)": 0,
            "p(95)": 0,
            "avg": 0.4410266120218579
        },
        "iteration_duration": {
            "avg": 1162.2154231147535,
            "min": 1088.0931,
            "med": 1122.38195,
            "max": 6293.5643,
            "p(90)": 1151.76972,
            "p(95)": 1173.008685
        },
        "http_req_blocked": {
            "p(95)": 0,
            "avg": 0.7392725956284151,
            "min": 0,
            "med": 0,
            "max": 145.6737,
            "p(90)": 0
        },
        "iterations": {
            "count": 1830,
            "rate": 18.131130925506728
        },
        "http_req_failed": {
            "passes": 0,
            "fails": 3660,
            "value": 0
        },
        "checks": {
            "passes": 3660,
            "fails": 0,
            "value": 1
        },
        "http_req_receiving": {
            "avg": 0.6090113934426236,
            "min": 0,
            "med": 0,
            "max": 8.0151,
            "p(90)": 1.9790399999999988,
            "p(95)": 3.0841649999999974
        },
        "login_duration": {
            "max": 5241.1978,
            "p(90)": 76.36072000000003,
            "p(95)": 83.68568499999999,
            "avg": 85.21192885245915,
            "min": 43.1068,
            "med": 59.738550000000004
        },
        "vus": {
            "min": 1,
            "max": 35,
            "value": 4
        },
        "http_req_waiting": {
            "med": 58.15265,
            "max": 5240.618,
            "p(90)": 74.76209,
            "p(95)": 82.51378999999997,
            "avg": 78.33286893442624,
            "min": 39.4101
        },
        "data_sent": {
            "count": 377687,
            "rate": 3742.017729979158
        },
        "http_req_connecting": {
            "p(90)": 0,
            "p(95)": 0,
            "avg": 0.2863476775956284,
            "min": 0,
            "med": 0,
            "max": 43.9944
        },
        "play_duration": {
            "med": 58.8128,
            "max": 4245.7988,
            "p(90)": 75.46304,
            "p(95)": 83.56598,
            "avg": 73.7375942076502,
            "min": 40.2596
        },
        "http_reqs": {
            "count": 3660,
            "rate": 36.262261851013456
        },
        "http_req_sending": {
            "min": 0,
            "med": 0.5203,
            "max": 11.3376,
            "p(90)": 0.9722299999999997,
            "p(95)": 1.4382299999999977,
            "avg": 0.5328812021857928
        },
        "data_received": {
            "count": 375013,
            "rate": 3715.5244818399206
        },
        "vus_max": {
            "min": 35,
            "max": 35,
            "value": 35
        }
    },
    "root_group": {
        "checks": {
            "Login request returned 200": {
                "name": "Login request returned 200",
                "path": "::Login request returned 200",
                "id": "572a92ec029029b4b9c772e6bd54fb50",
                "passes": 1830,
                "fails": 0
            },
            "Play request returned 200": {
                "fails": 0,
                "name": "Play request returned 200",
                "path": "::Play request returned 200",
                "id": "81a35480d3fa4312b9306d0c2c265fcb",
                "passes": 1830
            }
        },
        "name": "",
        "path": "",
        "id": "d41d8cd98f00b204e9800998ecf8427e",
        "groups": {}
    }
}