{
    "metrics": {
        "http_req_connecting": {
            "avg": 0.8197768549280176,
            "min": 0,
            "med": 0,
            "max": 26.6784,
            "p(90)": 0,
            "p(95)": 0
        },
        "checks": {
            "passes": 903,
            "fails": 0,
            "value": 1
        },
        "vus_max": {
            "value": 35,
            "min": 35,
            "max": 35
        },
        "http_req_waiting": {
            "p(90)": 66.60988,
            "p(95)": 75.57840999999999,
            "avg": 89.8726005537099,
            "min": 40.5008,
            "med": 50.8161,
            "max": 5017.3175
        },
        "login_duration": {
            "med": 50.9706,
            "max": 5017.4614,
            "p(90)": 66.6777,
            "p(95)": 75.57840999999999,
            "avg": 89.9549820598007,
            "min": 40.5242
        },
        "iterations": {
            "count": 903,
            "rate": 25.617188133514762
        },
        "http_req_tls_handshaking": {
            "avg": 1.2185461794019932,
            "min": 0,
            "med": 0,
            "max": 49.0213,
            "p(90)": 0,
            "p(95)": 0
        },
        "http_req_sending": {
            "p(90)": 0.15838000000000002,
            "p(95)": 0.18000999999999992,
            "avg": 0.0403544850498339,
            "min": 0,
            "med": 0,
            "max": 0.5915
        },
        "iteration_duration": {
            "avg": 1092.6386203765232,
            "min": 1040.7782,
            "med": 1051.6987,
            "max": 6017.8313,
            "p(90)": 1070.86226,
            "p(95)": 1100.81303
        },
        "data_sent": {
            "count": 132220,
            "rate": 3750.9464175119842
        },
        "data_received": {
            "count": 183894,
            "rate": 5216.885043881023
        },
        "http_req_duration{expected_response:true}": {
            "min": 40.5242,
            "med": 50.9706,
            "max": 5017.4614,
            "p(90)": 66.6777,
            "p(95)": 75.57840999999999,
            "avg": 89.9549820598007
        },
        "http_req_duration": {
            "max": 5017.4614,
            "p(90)": 66.6777,
            "p(95)": 75.57840999999999,
            "avg": 89.9549820598007,
            "min": 40.5242,
            "med": 50.9706
        },
        "vus": {
            "value": 4,
            "min": 4,
            "max": 35
        },
        "http_req_blocked": {
            "max": 106.2676,
            "p(90)": 0,
            "p(95)": 0,
            "avg": 2.0796308970099666,
            "min": 0,
            "med": 0
        },
        "http_req_receiving": {
            "avg": 0.042027021040974534,
            "min": 0,
            "med": 0,
            "max": 1.1743,
            "p(90)": 0,
            "p(95)": 0.35110999999999964
        },
        "http_req_failed": {
            "passes": 0,
            "fails": 903,
            "value": 0
        },
        "http_reqs": {
            "count": 903,
            "rate": 25.617188133514762
        }
    },
    "root_group": {
        "name": "",
        "path": "",
        "id": "d41d8cd98f00b204e9800998ecf8427e",
        "groups": {},
        "checks": {
                "Login request returned 200": {
                    "path": "::Login request returned 200",
                    "id": "572a92ec029029b4b9c772e6bd54fb50",
                    "passes": 903,
                    "fails": 0,
                    "name": "Login request returned 200"
                }
            }
    }
}