{
    "root_group": {
        "path": "",
        "id": "d41d8cd98f00b204e9800998ecf8427e",
        "groups": {},
        "checks": {
                "Login request returned 200": {
                    "path": "::Login request returned 200",
                    "id": "572a92ec029029b4b9c772e6bd54fb50",
                    "passes": 1265,
                    "fails": 0,
                    "name": "Login request returned 200"
                }
            },
        "name": ""
    },
    "metrics": {
        "checks": {
            "passes": 1265,
            "fails": 0,
            "value": 1
        },
        "data_sent": {
            "count": 185927,
            "rate": 5164.923275303231
        },
        "http_reqs": {
            "count": 1265,
            "rate": 35.14082378169167
        },
        "http_req_duration": {
            "avg": 109.28549565217371,
            "min": 40.9757,
            "med": 60.0915,
            "max": 5200.2636,
            "p(90)": 77.61536,
            "p(95)": 91.16614
        },
        "http_req_waiting": {
            "p(95)": 90.6161,
            "avg": 108.22740664031593,
            "min": 40.9757,
            "med": 58.9044,
            "max": 5198.981,
            "p(90)": 76.74289999999999
        },
        "login_duration": {
            "avg": 109.28549565217371,
            "min": 40.9757,
            "med": 60.0915,
            "max": 5200.2636,
            "p(90)": 77.61536,
            "p(95)": 91.16614
        },
        "iterations": {
            "count": 1265,
            "rate": 35.14082378169167
        },
        "http_req_blocked": {
            "avg": 2.973910909090909,
            "min": 0,
            "med": 0,
            "max": 217.5439,
            "p(90)": 0,
            "p(95)": 0
        },
        "http_req_connecting": {
            "med": 0,
            "max": 46.4934,
            "p(90)": 0,
            "p(95)": 0,
            "avg": 1.1491693280632413,
            "min": 0
        },
        "http_req_tls_handshaking": {
            "avg": 1.7351613438735178,
            "min": 0,
            "med": 0,
            "max": 90.82,
            "p(90)": 0,
            "p(95)": 0
        },
        "http_req_receiving": {
            "p(95)": 2.833379999999999,
            "avg": 0.5480774703557308,
            "min": 0,
            "med": 0,
            "max": 6.7474,
            "p(90)": 1.7812400000000024
        },
        "data_received": {
            "count": 260843,
            "rate": 7246.037863784823
        },
        "http_req_duration{expected_response:true}": {
            "avg": 109.28549565217371,
            "min": 40.9757,
            "med": 60.0915,
            "max": 5200.2636,
            "p(90)": 77.61536,
            "p(95)": 91.16614
        },
        "http_req_sending": {
            "avg": 0.5100115415019763,
            "min": 0,
            "med": 0.5294,
            "max": 6.4183,
            "p(90)": 0.8427000000000003,
            "p(95)": 1.2184199999999996
        },
        "vus": {
            "value": 1,
            "min": 1,
            "max": 50
        },
        "vus_max": {
            "value": 50,
            "min": 50,
            "max": 50
        },
        "iteration_duration": {
            "p(90)": 1090.2450800000001,
            "p(95)": 1123.61888,
            "avg": 1113.8265839525698,
            "min": 1041.1152,
            "med": 1061.662,
            "max": 6200.9181
        },
        "http_req_failed": {
            "passes": 0,
            "fails": 1265,
            "value": 0
        }
    }
}