{
    "metrics": {
        "http_req_receiving": {
            "avg": 0.08097483108108111,
            "min": 0,
            "med": 0,
            "max": 1.5392,
            "p(90)": 0.3914900000000003,
            "p(95)": 0.7109949999999999
        },
        "login_duration": {
            "avg": 70.00911722972968,
            "min": 43.3112,
            "med": 60.926100000000005,
            "max": 548.3919,
            "p(90)": 92.82711000000002,
            "p(95)": 114.02014999999999
        },
        "checks": {
            "passes": 1184,
            "fails": 0,
            "value": 1
        },
        "data_received": {
            "count": 174618,
            "rate": 2162.914037607647
        },
        "http_req_duration{expected_response:true}": {
            "p(95)": 114.02014999999999,
            "avg": 70.00911722972968,
            "min": 43.3112,
            "med": 60.926100000000005,
            "max": 548.3919,
            "p(90)": 92.82711000000002
        },
        "http_req_tls_handshaking": {
            "avg": 1.3024801520270268,
            "min": 0,
            "med": 0,
            "max": 438.0859,
            "p(90)": 0,
            "p(95)": 0
        },
        "iteration_duration": {
            "p(90)": 1099.61546,
            "p(95)": 1124.84871,
            "avg": 1072.5598290540545,
            "min": 1043.5846,
            "med": 1061.763,
            "max": 2012.8635
        },
        "iterations": {
            "count": 1184,
            "rate": 14.665671468734345
        },
        "http_req_sending": {
            "avg": 0.15440160472972955,
            "min": 0,
            "med": 0,
            "max": 1.5043,
            "p(90)": 0.506,
            "p(95)": 0.5255199999999999
        },
        "vus": {
            "value": 3,
            "min": 1,
            "max": 25
        },
        "vus_max": {
            "value": 25,
            "min": 25,
            "max": 25
        },
        "http_req_blocked": {
            "min": 0,
            "med": 0,
            "max": 464.6782,
            "p(90)": 0,
            "p(95)": 0,
            "avg": 1.9621385135135134
        },
        "http_req_connecting": {
            "min": 0,
            "med": 0,
            "max": 53.8266,
            "p(90)": 0,
            "p(95)": 0,
            "avg": 0.6327555743243244
        },
        "http_reqs": {
            "count": 1184,
            "rate": 14.665671468734345
        },
        "data_sent": {
            "count": 164305,
            "rate": 2035.1715799581052
        },
        "http_req_waiting": {
            "p(95)": 114.02014999999999,
            "avg": 69.77374079391903,
            "min": 43.0632,
            "med": 60.600899999999996,
            "max": 547.1629,
            "p(90)": 92.13056000000002
        },
        "http_req_duration": {
            "min": 43.3112,
            "med": 60.926100000000005,
            "max": 548.3919,
            "p(90)": 92.82711000000002,
            "p(95)": 114.02014999999999,
            "avg": 70.00911722972968
        },
        "http_req_failed": {
            "passes": 0,
            "fails": 1184,
            "value": 0
        }
    },
    "root_group": {
        "name": "",
        "path": "",
        "id": "d41d8cd98f00b204e9800998ecf8427e",
        "groups": {},
        "checks": {
                "Login request returned 200": {
                    "path": "::Login request returned 200",
                    "id": "572a92ec029029b4b9c772e6bd54fb50",
                    "passes": 1184,
                    "fails": 0,
                    "name": "Login request returned 200"
                }
            }
    }
}