{
    "metrics": {
        "login_duration": {
            "avg": 75.56317569924789,
            "min": 39.1361,
            "med": 51.4554,
            "max": 6041.1127,
            "p(90)": 66.5382,
            "p(95)": 74.33886
        },
        "data_received": {
            "count": 629788,
            "rate": 4820.792975664922
        },
        "http_req_sending": {
            "p(95)": 0.16475499999999993,
            "avg": 0.03641606015037594,
            "min": 0,
            "med": 0,
            "max": 2.2283,
            "p(90)": 0.1108
        },
        "vus_max": {
            "min": 50,
            "max": 50,
            "value": 50
        },
        "iterations": {
            "count": 3325,
            "rate": 25.451638716656817
        },
        "http_req_duration": {
            "max": 6041.1127,
            "p(90)": 66.33864,
            "p(95)": 74.468105,
            "avg": 70.39976163909758,
            "min": 39.1361,
            "med": 51.331199999999995
        },
        "http_req_connecting": {
            "p(90)": 0,
            "p(95)": 0,
            "avg": 0.15614959398496245,
            "min": 0,
            "med": 0,
            "max": 27.9127
        },
        "iteration_duration": {
            "avg": 1142.3148245413545,
            "min": 1082.7367,
            "med": 1104.9295,
            "max": 7115.6163,
            "p(90)": 1132.41482,
            "p(95)": 1149.38244
        },
        "http_req_tls_handshaking": {
            "max": 48.5629,
            "p(90)": 0,
            "p(95)": 0,
            "avg": 0.24631672180451136,
            "min": 0,
            "med": 0
        },
        "http_req_duration{expected_response:true}": {
            "avg": 70.39976163909758,
            "min": 39.1361,
            "med": 51.331199999999995,
            "max": 6041.1127,
            "p(90)": 66.33864,
            "p(95)": 74.468105
        },
        "http_req_blocked": {
            "avg": 0.4048472030075187,
            "min": 0,
            "med": 0,
            "max": 81.1417,
            "p(90)": 0,
            "p(95)": 0
        },
        "data_sent": {
            "count": 675497,
            "rate": 5170.6783753941445
        },
        "play_duration": {
            "min": 39.9621,
            "med": 51.2174,
            "max": 5973.48,
            "p(90)": 66.00236,
            "p(95)": 74.46888,
            "avg": 65.23634757894746
        },
        "http_req_failed": {
            "passes": 0,
            "fails": 6650,
            "value": 0
        },
        "http_req_waiting": {
            "p(95)": 74.41586499999991,
            "avg": 70.32620366917276,
            "min": 38.9657,
            "med": 51.2652,
            "max": 6041.1127,
            "p(90)": 66.29102
        },
        "http_reqs": {
            "count": 6650,
            "rate": 50.90327743331363
        },
        "checks": {
            "passes": 6650,
            "fails": 0,
            "value": 1
        },
        "http_req_receiving": {
            "p(90)": 0,
            "p(95)": 0.28019999999999856,
            "avg": 0.037141909774436085,
            "min": 0,
            "med": 0,
            "max": 1.5075
        },
        "vus": {
            "min": 1,
            "max": 50,
            "value": 2
        }
    },
    "root_group": {
        "name": "",
        "path": "",
        "id": "d41d8cd98f00b204e9800998ecf8427e",
        "groups": {},
        "checks": {
                "Login request returned 200": {
                    "name": "Login request returned 200",
                    "path": "::Login request returned 200",
                    "id": "572a92ec029029b4b9c772e6bd54fb50",
                    "passes": 3325,
                    "fails": 0
                },
                "Play request returned 200": {
                    "name": "Play request returned 200",
                    "path": "::Play request returned 200",
                    "id": "81a35480d3fa4312b9306d0c2c265fcb",
                    "passes": 3325,
                    "fails": 0
                }
            }
    }
}