{
    "metrics": {
        "iteration_duration": {
            "avg": 1133.9111991063428,
            "min": 1082.3021,
            "med": 1101.9402,
            "max": 6144.3109,
            "p(90)": 1128.09854,
            "p(95)": 1148.83862
        },
        "vus": {
            "value": 2,
            "min": 1,
            "max": 25
        },
        "http_req_duration": {
            "max": 5091.2266,
            "p(90)": 64.16179,
            "p(95)": 71.86480500000002,
            "avg": 65.94913069705095,
            "min": 38.4067,
            "med": 50.0028
        },
        "vus_max": {
            "value": 25,
            "min": 25,
            "max": 25
        },
        "http_req_tls_handshaking": {
            "med": 0,
            "max": 48.9689,
            "p(90)": 0,
            "p(95)": 0,
            "avg": 0.3668028150134048,
            "min": 0
        },
        "play_duration": {
            "avg": 61.37115120643436,
            "min": 38.4067,
            "med": 49.9357,
            "max": 4535.4162,
            "p(90)": 62.53624000000001,
            "p(95)": 68.35721999999998
        },
        "iterations": {
            "count": 1119,
            "rate": 13.930335562052159
        },
        "http_req_blocked": {
            "avg": 0.6584569705093835,
            "min": 0,
            "med": 0,
            "max": 191.7217,
            "p(90)": 0,
            "p(95)": 0
        },
        "http_req_sending": {
            "p(90)": 0.13382,
            "p(95)": 0.18626000000000004,
            "avg": 0.04283963360142988,
            "min": 0,
            "med": 0,
            "max": 1.4507
        },
        "http_req_waiting": {
            "max": 5090.7717,
            "p(90)": 64.07227999999999,
            "p(95)": 71.80331,
            "avg": 65.86625567470942,
            "min": 38.4067,
            "med": 49.94675
        },
        "login_duration": {
            "avg": 70.52711018766759,
            "min": 38.6714,
            "med": 50.0967,
            "max": 5091.2266,
            "p(90)": 67.15362,
            "p(95)": 74.37101999999996
        },
        "http_req_connecting": {
            "avg": 0.23570446827524572,
            "min": 0,
            "med": 0,
            "max": 25.9868,
            "p(90)": 0,
            "p(95)": 0
        },
        "checks": {
            "passes": 2238,
            "fails": 0,
            "value": 1
        },
        "data_received": {
            "count": 238204,
            "rate": 2965.3812799133802
        },
        "data_sent": {
            "count": 232312,
            "rate": 2892.032274433835
        },
        "http_reqs": {
            "count": 2238,
            "rate": 27.860671124104318
        },
        "http_req_failed": {
            "passes": 0,
            "fails": 2238,
            "value": 0
        },
        "http_req_receiving": {
            "p(95)": 0.2892500000000001,
            "avg": 0.04003538873994638,
            "min": 0,
            "med": 0,
            "max": 1.0436,
            "p(90)": 0
        },
        "http_req_duration{expected_response:true}": {
            "avg": 65.94913069705095,
            "min": 38.4067,
            "med": 50.0028,
            "max": 5091.2266,
            "p(90)": 64.16179,
            "p(95)": 71.86480500000002
        }
    },
    "root_group": {
        "name": "",
        "path": "",
        "id": "d41d8cd98f00b204e9800998ecf8427e",
        "groups": {},
        "checks": {
                "Login request returned 200": {
                    "id": "572a92ec029029b4b9c772e6bd54fb50",
                    "passes": 1119,
                    "fails": 0,
                    "name": "Login request returned 200",
                    "path": "::Login request returned 200"
                },
                "Play request returned 200": {
                    "passes": 1119,
                    "fails": 0,
                    "name": "Play request returned 200",
                    "path": "::Play request returned 200",
                    "id": "81a35480d3fa4312b9306d0c2c265fcb"
                }
            }
    }
}