{
    "root_group": {
        "name": "",
        "path": "",
        "id": "d41d8cd98f00b204e9800998ecf8427e",
        "groups": {},
        "checks": {
                "Login request returned 200": {
                    "path": "::Login request returned 200",
                    "id": "572a92ec029029b4b9c772e6bd54fb50",
                    "passes": 3460,
                    "fails": 0,
                    "name": "Login request returned 200"
                }
            }
    },
    "metrics": {
        "login_duration": {
            "avg": 90.50751884393055,
            "min": 38.6769,
            "med": 60.504599999999996,
            "max": 6313.4401,
            "p(90)": 79.23222,
            "p(95)": 88.07016999999999
        },
        "http_req_duration{expected_response:true}": {
            "med": 60.504599999999996,
            "max": 6313.4401,
            "p(90)": 79.23222,
            "p(95)": 88.07016999999999,
            "avg": 90.50751884393055,
            "min": 38.6769
        },
        "data_sent": {
            "rate": 3533.3496437431713,
            "count": 462894
        },
        "vus_max": {
            "value": 50,
            "min": 50,
            "max": 50
        },
        "http_req_tls_handshaking": {
            "p(95)": 0,
            "avg": 0.6958014450867053,
            "min": 0,
            "med": 0,
            "max": 187.2699,
            "p(90)": 0
        },
        "data_received": {
            "count": 436403,
            "rate": 3331.139277196186
        },
        "vus": {
            "value": 1,
            "min": 1,
            "max": 50
        },
        "iteration_duration": {
            "med": 1062.8937999999998,
            "max": 7314.1332,
            "p(90)": 1083.92818,
            "p(95)": 1096.5550749999998,
            "avg": 1093.9198101445102,
            "min": 1042.6764
        },
        "iterations": {
            "count": 3460,
            "rate": 26.41077604667888
        },
        "http_req_blocked": {
            "max": 419.7366,
            "p(90)": 0,
            "p(95)": 0,
            "avg": 1.2067103468208098,
            "min": 0,
            "med": 0
        },
        "http_req_sending": {
            "p(95)": 1.8423999999999985,
            "avg": 0.6132850000000011,
            "min": 0,
            "med": 0.5173,
            "max": 35.6676,
            "p(90)": 1.1552299999999998
        },
        "http_req_waiting": {
            "max": 6306.1398,
            "p(90)": 78.11534999999999,
            "p(95)": 87.32546499999997,
            "avg": 89.47328476878583,
            "min": 38.1639,
            "med": 59.344350000000006
        },
        "http_req_connecting": {
            "min": 0,
            "med": 0,
            "max": 78.3973,
            "p(90)": 0,
            "p(95)": 0,
            "avg": 0.4604043352601156
        },
        "checks": {
            "fails": 0,
            "passes": 3460,
            "value": 1
        },
        "http_req_receiving": {
            "min": 0,
            "med": 0,
            "max": 13.3507,
            "p(90)": 1.2436599999999984,
            "p(95)": 2.637759999999993,
            "avg": 0.4209490751445088
        },
        "http_reqs": {
            "count": 3460,
            "rate": 26.41077604667888
        },
        "http_req_duration": {
            "max": 6313.4401,
            "p(90)": 79.23222,
            "p(95)": 88.07016999999999,
            "avg": 90.50751884393055,
            "min": 38.6769,
            "med": 60.504599999999996
        },
        "http_req_failed": {
            "passes": 0,
            "fails": 3460,
            "value": 0
        }
    }
}