{
    "root_group": {
        "name": "",
        "path": "",
        "id": "d41d8cd98f00b204e9800998ecf8427e",
        "groups": {},
        "checks": {
                "Login request returned 200": {
                    "name": "Login request returned 200",
                    "path": "::Login request returned 200",
                    "id": "572a92ec029029b4b9c772e6bd54fb50",
                    "passes": 921,
                    "fails": 0
                }
            }
    },
    "metrics": {
        "http_req_connecting": {
            "med": 0,
            "max": 136.7226,
            "p(90)": 0,
            "p(95)": 0,
            "avg": 1.4357562432138977,
            "min": 0
        },
        "http_req_sending": {
            "avg": 0.6723019543973939,
            "min": 0,
            "med": 0.4885,
            "max": 67.4995,
            "p(90)": 1.2767,
            "p(95)": 1.8495
        },
        "http_req_receiving": {
            "max": 7.91,
            "p(90)": 2.5695,
            "p(95)": 4.0266,
            "avg": 0.6990441910966336,
            "min": 0,
            "med": 0
        },
        "iterations": {
            "count": 921,
            "rate": 25.98959503035599
        },
        "vus_max": {
            "value": 35,
            "min": 35,
            "max": 35
        },
        "http_req_failed": {
            "passes": 0,
            "fails": 921,
            "value": 0
        },
        "iteration_duration": {
            "p(90)": 1088.0178,
            "p(95)": 1115.3477,
            "avg": 1070.8329716612368,
            "min": 1047.0027,
            "med": 1065.0405,
            "max": 1268.8219
        },
        "http_req_duration": {
            "avg": 64.95160445168291,
            "min": 42.6418,
            "med": 62.8714,
            "max": 166.4113,
            "p(90)": 80.0621,
            "p(95)": 88.0364
        },
        "http_req_tls_handshaking": {
            "avg": 1.8912567861020633,
            "min": 0,
            "med": 0,
            "max": 123.7062,
            "p(90)": 0,
            "p(95)": 0
        },
        "http_req_duration{expected_response:true}": {
            "avg": 64.95160445168291,
            "min": 42.6418,
            "med": 62.8714,
            "max": 166.4113,
            "p(90)": 80.0621,
            "p(95)": 88.0364
        },
        "data_sent": {
            "count": 134948,
            "rate": 3808.082378020065
        },
        "http_req_waiting": {
            "max": 166.4113,
            "p(90)": 78.4001,
            "p(95)": 86.3282,
            "avg": 63.58025830618891,
            "min": 42.2785,
            "med": 61.5026
        },
        "http_req_blocked": {
            "p(95)": 0,
            "avg": 3.3950142236699246,
            "min": 0,
            "med": 0,
            "max": 216.1636,
            "p(90)": 0
        },
        "vus": {
            "max": 35,
            "value": 3,
            "min": 3
        },
        "checks": {
            "passes": 921,
            "fails": 0,
            "value": 1
        },
        "login_duration": {
            "avg": 64.95160445168291,
            "min": 42.6418,
            "med": 62.8714,
            "max": 166.4113,
            "p(90)": 80.0621,
            "p(95)": 88.0364
        },
        "data_received": {
            "count": 185323,
            "rate": 5229.608816298222
        },
        "http_reqs": {
            "count": 921,
            "rate": 25.98959503035599
        }
    }
}