{
    "metrics": {
        "http_req_duration{expected_response:true}": {
            "max": 2239.5668,
            "p(90)": 76.1417,
            "p(95)": 86.13598499999996,
            "avg": 64.09477685098419,
            "min": 39.9651,
            "med": 57.67185
        },
        "data_sent": {
            "rate": 2218.8615512476927,
            "count": 224549
        },
        "http_reqs": {
            "rate": 21.096818119492063,
            "count": 2135
        },
        "http_req_blocked": {
            "avg": 0.8410133021077282,
            "min": 0,
            "med": 0,
            "max": 168.9249,
            "p(90)": 0,
            "p(95)": 0
        },
        "login_duration": {
            "min": 39.9651,
            "med": 57.44535,
            "max": 59932.3403,
            "p(90)": 77.45539000000002,
            "p(95)": 90.344675,
            "avg": 119.95440805243452
        },
        "checks": {
            "passes": 2134,
            "fails": 1,
            "value": 0.9995316159250586
        },
        "data_received": {
            "count": 231862,
            "rate": 2291.124329190477
        },
        "iterations": {
            "count": 1068,
            "rate": 10.553349766565585
        },
        "http_req_sending": {
            "avg": 0.1505336299765807,
            "min": 0,
            "med": 0,
            "max": 2.8801,
            "p(90)": 0.50956,
            "p(95)": 0.6173999999999998
        },
        "http_req_waiting": {
            "p(95)": 86.61475999999998,
            "avg": 91.86876964871193,
            "min": 39.9651,
            "med": 57.3659,
            "max": 59931.8084,
            "p(90)": 75.80290000000002
        },
        "vus": {
            "max": 25,
            "value": 1,
            "min": 1
        },
        "iteration_duration": {
            "avg": 1185.5268683520615,
            "min": 1089.9147,
            "med": 1117.41155,
            "max": 60002.5282,
            "p(90)": 1152.23847,
            "p(95)": 1187.432405
        },
        "http_req_failed": {
            "fails": 2134,
            "passes": 1,
            "value": 0.000468384074941452
        },
        "http_req_tls_handshaking": {
            "max": 50.5675,
            "p(90)": 0,
            "p(95)": 0,
            "avg": 0.4140944262295082,
            "min": 0,
            "med": 0
        },
        "http_req_receiving": {
            "min": 0,
            "med": 0,
            "max": 1.5109,
            "p(90)": 0.5980200000000007,
            "p(95)": 0.8332999999999999,
            "avg": 0.11680637002341927
        },
        "vus_max": {
            "value": 25,
            "min": 25,
            "max": 25
        },
        "http_req_duration": {
            "p(90)": 76.15994,
            "p(95)": 86.62453999999997,
            "avg": 92.13610964871191,
            "min": 39.9651,
            "med": 57.675,
            "max": 59932.3403
        },
        "http_req_connecting": {
            "avg": 0.39820482435597193,
            "min": 0,
            "med": 0,
            "max": 124.0393,
            "p(90)": 0,
            "p(95)": 0
        },
        "play_duration": {
            "avg": 64.29173973758205,
            "min": 41.9322,
            "med": 57.8418,
            "max": 2239.5668,
            "p(90)": 74.29691999999999,
            "p(95)": 83.83364999999998
        }
    },
    "root_group": {
        "checks": {
            "Login request returned 200": {
                "fails": 1,
                "name": "Login request returned 200",
                "path": "::Login request returned 200",
                "id": "572a92ec029029b4b9c772e6bd54fb50",
                "passes": 1067
            },
            "Play request returned 200": {
                "path": "::Play request returned 200",
                "id": "81a35480d3fa4312b9306d0c2c265fcb",
                "passes": 1067,
                "fails": 0,
                "name": "Play request returned 200"
            }
        },
        "name": "",
        "path": "",
        "id": "d41d8cd98f00b204e9800998ecf8427e",
        "groups": {}
    }
}