{
    "root_group": {
        "name": "",
        "path": "",
        "id": "d41d8cd98f00b204e9800998ecf8427e",
        "groups": {},
        "checks": {
                "Login request returned 200": {
                    "path": "::Login request returned 200",
                    "id": "572a92ec029029b4b9c772e6bd54fb50",
                    "passes": 277,
                    "fails": 0,
                    "name": "Login request returned 200"
                },
                "Play request returned 200": {
                    "fails": 0,
                    "name": "Play request returned 200",
                    "path": "::Play request returned 200",
                    "id": "81a35480d3fa4312b9306d0c2c265fcb",
                    "passes": 277
                }
            }
    },
    "metrics": {
        "http_req_receiving": {
            "avg": 0.6055276173285202,
            "min": 0,
            "med": 0,
            "max": 8.1472,
            "p(90)": 2.10351,
            "p(95)": 3.584040000000003
        },
        "checks": {
            "fails": 0,
            "passes": 554,
            "value": 1
        },
        "play_duration": {
            "avg": 138.91399097472922,
            "min": 39.5977,
            "med": 57.9011,
            "max": 5402.9157,
            "p(90)": 83.69578,
            "p(95)": 98.18731999999991
        },
        "http_reqs": {
            "count": 554,
            "rate": 10.945145194413982
        },
        "data_sent": {
            "count": 59791,
            "rate": 1181.2656612260043
        },
        "data_received": {
            "count": 71414,
            "rate": 1410.8963879311914
        },
        "http_req_duration": {
            "avg": 153.87454079422398,
            "min": 39.5977,
            "med": 58.66455,
            "max": 5402.9157,
            "p(90)": 83.59062,
            "p(95)": 99.19774000000002
        },
        "http_req_duration{expected_response:true}": {
            "med": 58.66455,
            "max": 5402.9157,
            "p(90)": 83.59062,
            "p(95)": 99.19774000000002,
            "avg": 153.87454079422398,
            "min": 39.5977
        },
        "iteration_duration": {
            "p(90)": 1177.6286599999999,
            "p(95)": 1304.1028799999983,
            "avg": 1312.6320339350175,
            "min": 1096.3066,
            "med": 1124.4177,
            "max": 6465.6925
        },
        "http_req_blocked": {
            "p(90)": 0,
            "p(95)": 0,
            "avg": 1.434533393501805,
            "min": 0,
            "med": 0,
            "max": 142.7018
        },
        "http_req_sending": {
            "avg": 0.42235992779783404,
            "min": 0,
            "med": 0.3855,
            "max": 6.3193,
            "p(90)": 0.82986,
            "p(95)": 1.2420900000000012
        },
        "http_req_failed": {
            "passes": 0,
            "fails": 554,
            "value": 0
        },
        "http_req_connecting": {
            "max": 52.8735,
            "p(90)": 0,
            "p(95)": 0,
            "avg": 0.5426925992779783,
            "min": 0,
            "med": 0
        },
        "login_duration": {
            "avg": 168.83509061371845,
            "min": 44.9837,
            "med": 58.9236,
            "max": 5370.5849,
            "p(90)": 83.4392,
            "p(95)": 99.02247999999999
        },
        "iterations": {
            "count": 277,
            "rate": 5.472572597206991
        },
        "http_req_waiting": {
            "min": 39.5977,
            "med": 57.758750000000006,
            "max": 5396.7075,
            "p(90)": 83.24639,
            "p(95)": 98.81144500000005,
            "avg": 152.84665324909756
        },
        "vus_max": {
            "value": 10,
            "min": 10,
            "max": 10
        },
        "vus": {
            "value": 1,
            "min": 1,
            "max": 10
        },
        "http_req_tls_handshaking": {
            "p(90)": 0,
            "p(95)": 0,
            "avg": 0.8304805054151624,
            "min": 0,
            "med": 0,
            "max": 81.5514
        }
    }
}