{
    "root_group": {
        "path": "",
        "id": "d41d8cd98f00b204e9800998ecf8427e",
        "groups": {},
        "checks": {
                "Login request returned 200": {
                    "name": "Login request returned 200",
                    "path": "::Login request returned 200",
                    "id": "572a92ec029029b4b9c772e6bd54fb50",
                    "passes": 669,
                    "fails": 0
                }
            },
        "name": ""
    },
    "metrics": {
        "http_req_duration": {
            "p(90)": 68.54114000000003,
            "p(95)": 78.43498000000001,
            "avg": 54.389959641255594,
            "min": 39.757,
            "med": 50.576,
            "max": 204.3271
        },
        "http_req_tls_handshaking": {
            "p(90)": 0,
            "p(95)": 0,
            "avg": 1.2133699551569508,
            "min": 0,
            "med": 0,
            "max": 47.573
        },
        "data_sent": {
            "count": 97737,
            "rate": 2728.1392147805886
        },
        "http_req_duration{expected_response:true}": {
            "max": 204.3271,
            "p(90)": 68.54114000000003,
            "p(95)": 78.43498000000001,
            "avg": 54.389959641255594,
            "min": 39.757,
            "med": 50.576
        },
        "data_received": {
            "count": 133327,
            "rate": 3721.565191166616
        },
        "http_req_waiting": {
            "avg": 54.314689686098646,
            "min": 39.757,
            "med": 50.403,
            "max": 204.3271,
            "p(90)": 68.19808000000002,
            "p(95)": 78.30562000000002
        },
        "http_req_receiving": {
            "avg": 0.0427964125560538,
            "min": 0,
            "med": 0,
            "max": 1.0287,
            "p(90)": 0,
            "p(95)": 0.3335000000000001
        },
        "http_reqs": {
            "count": 669,
            "rate": 18.673840354095315
        },
        "http_req_failed": {
            "passes": 0,
            "fails": 669,
            "value": 0
        },
        "vus": {
            "value": 3,
            "min": 3,
            "max": 25
        },
        "iteration_duration": {
            "avg": 1056.9426599402098,
            "min": 1040.4031,
            "med": 1051.1768,
            "max": 1204.8118,
            "p(90)": 1072.383,
            "p(95)": 1095.81168
        },
        "http_req_sending": {
            "avg": 0.03247354260089685,
            "min": 0,
            "med": 0,
            "max": 0.5757,
            "p(90)": 0.14524000000000004,
            "p(95)": 0.17470000000000002
        },
        "login_duration": {
            "avg": 54.389959641255594,
            "min": 39.757,
            "med": 50.576,
            "max": 204.3271,
            "p(90)": 68.54114000000003,
            "p(95)": 78.43498000000001
        },
        "checks": {
            "passes": 669,
            "fails": 0,
            "value": 1
        },
        "vus_max": {
            "value": 25,
            "min": 25,
            "max": 25
        },
        "iterations": {
            "count": 669,
            "rate": 18.673840354095315
        },
        "http_req_blocked": {
            "avg": 2.0078171898355754,
            "min": 0,
            "med": 0,
            "max": 82.4953,
            "p(90)": 0,
            "p(95)": 0
        },
        "http_req_connecting": {
            "p(90)": 0,
            "p(95)": 0,
            "avg": 0.7718315396113602,
            "min": 0,
            "med": 0,
            "max": 24.828
        }
    }
}