{
    "metrics": {
        "http_req_receiving": {
            "p(95)": 0.13787999999999265,
            "avg": 0.03649301150715691,
            "min": 0,
            "med": 0,
            "max": 1.5214,
            "p(90)": 0
        },
        "http_req_failed": {
            "passes": 0,
            "fails": 3563,
            "value": 0
        },
        "checks": {
            "passes": 3563,
            "fails": 0,
            "value": 1
        },
        "data_received": {
            "count": 444595,
            "rate": 3403.932175715613
        },
        "http_req_duration{expected_response:true}": {
            "p(90)": 66.64696,
            "p(95)": 75.56096,
            "avg": 61.981883553185526,
            "min": 39.5925,
            "med": 51.6226,
            "max": 4428.0404
        },
        "vus": {
            "value": 5,
            "min": 1,
            "max": 50
        },
        "http_req_duration": {
            "min": 39.5925,
            "med": 51.6226,
            "max": 4428.0404,
            "p(90)": 66.64696,
            "p(95)": 75.56096,
            "avg": 61.981883553185526
        },
        "http_req_connecting": {
            "med": 0,
            "max": 28.0676,
            "p(90)": 0,
            "p(95)": 0,
            "avg": 0.2983136121246141,
            "min": 0
        },
        "http_req_sending": {
            "avg": 0.0354561886051081,
            "min": 0,
            "med": 0,
            "max": 0.9998,
            "p(90)": 0.17328000000000002,
            "p(95)": 0.19667999999999994
        },
        "login_duration": {
            "avg": 61.981883553185526,
            "min": 39.5925,
            "med": 51.6226,
            "max": 4428.0404,
            "p(90)": 66.64696,
            "p(95)": 75.56096
        },
        "iterations": {
            "rate": 27.279232429682587,
            "count": 3563
        },
        "http_req_blocked": {
            "avg": 0.764486921133876,
            "min": 0,
            "med": 0,
            "max": 77.0424,
            "p(90)": 0,
            "p(95)": 0
        },
        "http_req_tls_handshaking": {
            "max": 48.4348,
            "p(90)": 0,
            "p(95)": 0,
            "avg": 0.46148209374122934,
            "min": 0,
            "med": 0
        },
        "http_reqs": {
            "count": 3563,
            "rate": 27.279232429682587
        },
        "vus_max": {
            "max": 50,
            "value": 50,
            "min": 50
        },
        "iteration_duration": {
            "p(90)": 1068.61536,
            "p(95)": 1079.35626,
            "avg": 1063.3189117597499,
            "min": 1039.8892,
            "med": 1052.2607,
            "max": 5430.2921
        },
        "http_req_waiting": {
            "avg": 61.90993435307311,
            "min": 39.0655,
            "med": 51.5223,
            "max": 4428.0404,
            "p(90)": 66.58096000000002,
            "p(95)": 75.55223999999998
        },
        "data_sent": {
            "count": 480825,
            "rate": 3681.318252316062
        }
    },
    "root_group": {
        "name": "",
        "path": "",
        "id": "d41d8cd98f00b204e9800998ecf8427e",
        "groups": {},
        "checks": {
                "Login request returned 200": {
                    "id": "572a92ec029029b4b9c772e6bd54fb50",
                    "passes": 3563,
                    "fails": 0,
                    "name": "Login request returned 200",
                    "path": "::Login request returned 200"
                }
            }
    }
}