{
    "root_group": {
        "path": "",
        "id": "d41d8cd98f00b204e9800998ecf8427e",
        "groups": {},
        "checks": {
                "Login request returned 200": {
                    "name": "Login request returned 200",
                    "path": "::Login request returned 200",
                    "id": "572a92ec029029b4b9c772e6bd54fb50",
                    "passes": 636,
                    "fails": 0
                },
                "Play request returned 200": {
                    "id": "81a35480d3fa4312b9306d0c2c265fcb",
                    "passes": 636,
                    "fails": 0,
                    "name": "Play request returned 200",
                    "path": "::Play request returned 200"
                }
            },
        "name": ""
    },
    "metrics": {
        "play_duration": {
            "max": 138.9767,
            "p(90)": 64.17605,
            "p(95)": 71.1472,
            "avg": 52.87225361635221,
            "min": 38.8481,
            "med": 50.2376
        },
        "http_req_duration{expected_response:true}": {
            "avg": 55.0358751572327,
            "min": 38.8481,
            "med": 50.3735,
            "max": 1274.0623,
            "p(90)": 64.92789,
            "p(95)": 73.173175
        },
        "http_req_failed": {
            "passes": 0,
            "fails": 1272,
            "value": 0
        },
        "data_sent": {
            "count": 138589,
            "rate": 3846.662323553077
        },
        "login_duration": {
            "max": 1274.0623,
            "p(90)": 66.78665,
            "p(95)": 74.50389999999999,
            "avg": 57.19949669811321,
            "min": 39.7317,
            "med": 50.6512
        },
        "iteration_duration": {
            "p(90)": 1135.4785000000002,
            "p(95)": 1152.399975,
            "avg": 1112.9101132075473,
            "min": 1084.4292,
            "med": 1103.3348,
            "max": 2387.0754
        },
        "http_reqs": {
            "count": 1272,
            "rate": 35.30550386798024
        },
        "vus": {
            "value": 1,
            "min": 1,
            "max": 25
        },
        "http_req_waiting": {
            "avg": 54.948403223270454,
            "min": 38.8481,
            "med": 50.2997,
            "max": 1274.0623,
            "p(90)": 64.85851000000001,
            "p(95)": 73.16305
        },
        "checks": {
            "passes": 1272,
            "fails": 0,
            "value": 1
        },
        "data_received": {
            "rate": 4725.5528738515,
            "count": 170254
        },
        "http_req_blocked": {
            "avg": 1.0728141509433962,
            "min": 0,
            "med": 0,
            "max": 87.4093,
            "p(90)": 0,
            "p(95)": 0
        },
        "http_req_duration": {
            "p(95)": 73.173175,
            "avg": 55.0358751572327,
            "min": 38.8481,
            "med": 50.3735,
            "max": 1274.0623,
            "p(90)": 64.92789
        },
        "http_req_sending": {
            "p(90)": 0.12688000000000002,
            "p(95)": 0.19159,
            "avg": 0.04435668238993711,
            "min": 0,
            "med": 0,
            "max": 1.4654
        },
        "http_req_receiving": {
            "med": 0,
            "max": 1.0322,
            "p(90)": 0,
            "p(95)": 0.3511750000000002,
            "avg": 0.04311525157232705,
            "min": 0
        },
        "iterations": {
            "rate": 17.65275193399012,
            "count": 636
        },
        "http_req_tls_handshaking": {
            "med": 0,
            "max": 49.0851,
            "p(90)": 0,
            "p(95)": 0,
            "avg": 0.650006289308176,
            "min": 0
        },
        "vus_max": {
            "value": 25,
            "min": 25,
            "max": 25
        },
        "http_req_connecting": {
            "max": 26.6207,
            "p(90)": 0,
            "p(95)": 0,
            "avg": 0.4121033805031447,
            "min": 0,
            "med": 0
        }
    }
}