{
    "root_group": {
        "name": "",
        "path": "",
        "id": "d41d8cd98f00b204e9800998ecf8427e",
        "groups": {},
        "checks": {
                "Login request returned 200": {
                    "fails": 0,
                    "name": "Login request returned 200",
                    "path": "::Login request returned 200",
                    "id": "572a92ec029029b4b9c772e6bd54fb50",
                    "passes": 1177
                }
            }
    },
    "metrics": {
        "http_req_duration{expected_response:true}": {
            "avg": 75.60960118946467,
            "min": 38.6886,
            "med": 51.1987,
            "max": 3275.2647,
            "p(90)": 66.67814000000001,
            "p(95)": 73.49336000000001
        },
        "http_req_connecting": {
            "avg": 0.44049558198810534,
            "min": 0,
            "med": 0,
            "max": 27.6906,
            "p(90)": 0,
            "p(95)": 0
        },
        "data_received": {
            "count": 174236,
            "rate": 2154.883672642464
        },
        "vus_max": {
            "value": 25,
            "min": 25,
            "max": 25
        },
        "http_req_sending": {
            "avg": 0.03851104502973663,
            "min": 0,
            "med": 0,
            "max": 1.0544,
            "p(90)": 0.17238,
            "p(95)": 0.19344
        },
        "http_req_receiving": {
            "avg": 0.04346788445199662,
            "min": 0,
            "med": 0,
            "max": 1.0255,
            "p(90)": 0,
            "p(95)": 0.3022600000000005
        },
        "iterations": {
            "count": 1177,
            "rate": 14.556682216649717
        },
        "http_reqs": {
            "count": 1177,
            "rate": 14.556682216649717
        },
        "http_req_failed": {
            "passes": 0,
            "fails": 1177,
            "value": 0
        },
        "login_duration": {
            "p(95)": 73.49336000000001,
            "avg": 75.60960118946467,
            "min": 38.6886,
            "med": 51.1987,
            "max": 3275.2647,
            "p(90)": 66.67814000000001
        },
        "http_req_blocked": {
            "avg": 1.1761152931180967,
            "min": 0,
            "med": 0,
            "max": 148.1343,
            "p(90)": 0,
            "p(95)": 0
        },
        "data_sent": {
            "count": 163556,
            "rate": 2022.7975502348013
        },
        "iteration_duration": {
            "p(90)": 1068.86834,
            "p(95)": 1082.2055599999999,
            "avg": 1077.3467866610029,
            "min": 1039.262,
            "med": 1051.9163,
            "max": 4275.9973
        },
        "http_req_tls_handshaking": {
            "avg": 0.6697976210705184,
            "min": 0,
            "med": 0,
            "max": 47.1127,
            "p(90)": 0,
            "p(95)": 0
        },
        "checks": {
            "passes": 1177,
            "fails": 0,
            "value": 1
        },
        "http_req_waiting": {
            "avg": 75.52762225998295,
            "min": 38.6886,
            "med": 51.1135,
            "max": 3275.0816,
            "p(90)": 66.60938,
            "p(95)": 73.3476
        },
        "vus": {
            "value": 2,
            "min": 1,
            "max": 25
        },
        "http_req_duration": {
            "avg": 75.60960118946467,
            "min": 38.6886,
            "med": 51.1987,
            "max": 3275.2647,
            "p(90)": 66.67814000000001,
            "p(95)": 73.49336000000001
        }
    }
}