{
    "root_group": {
        "name": "",
        "path": "",
        "id": "d41d8cd98f00b204e9800998ecf8427e",
        "groups": {},
        "checks": {
                "Login request returned 200": {
                    "name": "Login request returned 200",
                    "path": "::Login request returned 200",
                    "id": "572a92ec029029b4b9c772e6bd54fb50",
                    "passes": 3333,
                    "fails": 0
                },
                "Play request returned 200": {
                    "fails": 0,
                    "name": "Play request returned 200",
                    "path": "::Play request returned 200",
                    "id": "81a35480d3fa4312b9306d0c2c265fcb",
                    "passes": 3333
                }
            }
    },
    "metrics": {
        "data_sent": {
            "count": 677592,
            "rate": 5170.177067332869
        },
        "iteration_duration": {
            "avg": 1134.8431798079803,
            "min": 1092.2629,
            "med": 1128.0084,
            "max": 3933.6617,
            "p(90)": 1159.1494,
            "p(95)": 1174.20774
        },
        "http_req_sending": {
            "med": 0.5154,
            "max": 8.6551,
            "p(90)": 0.8243,
            "p(95)": 1.260525,
            "avg": 0.49274699969996855,
            "min": 0
        },
        "http_req_connecting": {
            "p(90)": 0,
            "p(95)": 0,
            "avg": 0.2674777527752775,
            "min": 0,
            "med": 0,
            "max": 93.8618
        },
        "http_req_failed": {
            "passes": 0,
            "fails": 6666,
            "value": 0
        },
        "http_req_waiting": {
            "avg": 64.83015996099614,
            "min": 39.8657,
            "med": 61.41045,
            "max": 2872.3892,
            "p(90)": 78.75059999999999,
            "p(95)": 87.194625
        },
        "play_duration": {
            "avg": 66.34701245124505,
            "min": 42.2523,
            "med": 62.4372,
            "max": 2874.5212,
            "p(90)": 80.13712000000001,
            "p(95)": 88.67701999999998
        },
        "http_req_duration": {
            "avg": 65.98369479447962,
            "min": 39.8657,
            "med": 62.5261,
            "max": 2874.5212,
            "p(90)": 80.25495000000001,
            "p(95)": 88.495575
        },
        "http_req_duration{expected_response:true}": {
            "p(90)": 80.25495000000001,
            "p(95)": 88.495575,
            "avg": 65.98369479447962,
            "min": 39.8657,
            "med": 62.5261,
            "max": 2874.5212
        },
        "login_duration": {
            "max": 1351.8333,
            "p(90)": 80.36272,
            "p(95)": 88.18583999999996,
            "avg": 65.62037713771375,
            "min": 39.8657,
            "med": 62.6239
        },
        "iterations": {
            "count": 3333,
            "rate": 25.43152836134496
        },
        "http_req_receiving": {
            "p(90)": 2.213,
            "p(95)": 3.382825,
            "avg": 0.6607878337833782,
            "min": 0,
            "med": 0,
            "max": 8.4349
        },
        "vus_max": {
            "max": 50,
            "value": 50,
            "min": 50
        },
        "http_reqs": {
            "count": 6666,
            "rate": 50.86305672268992
        },
        "vus": {
            "min": 1,
            "max": 50,
            "value": 1
        },
        "data_received": {
            "rate": 4875.238484290737,
            "count": 638938
        },
        "http_req_blocked": {
            "med": 0,
            "max": 155.0942,
            "p(90)": 0,
            "p(95)": 0,
            "avg": 0.6441401440144016,
            "min": 0
        },
        "http_req_tls_handshaking": {
            "p(95)": 0,
            "avg": 0.368123897389739,
            "min": 0,
            "med": 0,
            "max": 86.3644,
            "p(90)": 0
        },
        "checks": {
            "passes": 6666,
            "fails": 0,
            "value": 1
        }
    }
}