{
    "metrics": {
        "checks": {
            "fails": 0,
            "passes": 1963,
            "value": 1
        },
        "data_received": {
            "count": 268606,
            "rate": 2659.5158299381105
        },
        "http_req_blocked": {
            "avg": 1.6715287824758025,
            "min": 0,
            "med": 0,
            "max": 404.5588,
            "p(90)": 0,
            "p(95)": 0
        },
        "vus": {
            "value": 1,
            "min": 1,
            "max": 35
        },
        "iteration_duration": {
            "max": 5941.201,
            "p(90)": 1082.27312,
            "p(95)": 1097.8335399999999,
            "avg": 1080.8906116148746,
            "min": 1040.3897,
            "med": 1061.496
        },
        "http_req_waiting": {
            "avg": 76.10627748344372,
            "min": 39.2269,
            "med": 58.4182,
            "max": 4940.6603,
            "p(90)": 76.94127999999999,
            "p(95)": 86.42001999999997
        },
        "http_reqs": {
            "count": 1963,
            "rate": 19.436012502209596
        },
        "vus_max": {
            "value": 35,
            "min": 35,
            "max": 35
        },
        "http_req_duration{expected_response:true}": {
            "min": 40.0335,
            "med": 59.9166,
            "max": 4940.6603,
            "p(90)": 78.29324,
            "p(95)": 88.27425999999998,
            "avg": 77.49846209882837
        },
        "http_req_connecting": {
            "p(90)": 0,
            "p(95)": 0,
            "avg": 0.7832941416199694,
            "min": 0,
            "med": 0,
            "max": 321.2789
        },
        "http_req_sending": {
            "min": 0,
            "med": 0.5411,
            "max": 32.1567,
            "p(90)": 1.08882,
            "p(95)": 1.5177299999999967,
            "avg": 0.5933768721344874
        },
        "http_req_receiving": {
            "p(90)": 2.8512399999999998,
            "p(95)": 4.2050099999999935,
            "avg": 0.7988077432501276,
            "min": 0,
            "med": 0,
            "max": 8.1065
        },
        "http_req_duration": {
            "p(90)": 78.29324,
            "p(95)": 88.27425999999998,
            "avg": 77.49846209882837,
            "min": 40.0335,
            "med": 59.9166,
            "max": 4940.6603
        },
        "iterations": {
            "count": 1963,
            "rate": 19.436012502209596
        },
        "http_req_failed": {
            "passes": 0,
            "fails": 1963,
            "value": 0
        },
        "login_duration": {
            "p(95)": 88.27425999999998,
            "avg": 77.49846209882837,
            "min": 40.0335,
            "med": 59.9166,
            "max": 4940.6603,
            "p(90)": 78.29324
        },
        "http_req_tls_handshaking": {
            "med": 0,
            "max": 94.6421,
            "p(90)": 0,
            "p(95)": 0,
            "avg": 0.861746306673459,
            "min": 0
        },
        "data_sent": {
            "count": 265488,
            "rate": 2628.6439567939997
        }
    },
    "root_group": {
        "path": "",
        "id": "d41d8cd98f00b204e9800998ecf8427e",
        "groups": {},
        "checks": {
                "Login request returned 200": {
                    "name": "Login request returned 200",
                    "path": "::Login request returned 200",
                    "id": "572a92ec029029b4b9c772e6bd54fb50",
                    "passes": 1963,
                    "fails": 0
                }
            },
        "name": ""
    }
}