{
    "root_group": {
        "checks": {
            "Login request returned 200": {
                "fails": 0,
                "name": "Login request returned 200",
                "path": "::Login request returned 200",
                "id": "572a92ec029029b4b9c772e6bd54fb50",
                "passes": 923
            }
        },
        "name": "",
        "path": "",
        "id": "d41d8cd98f00b204e9800998ecf8427e",
        "groups": {}
    },
    "metrics": {
        "http_req_waiting": {
            "max": 1099.9402,
            "p(90)": 78.98030000000001,
            "p(95)": 87.95833999999999,
            "avg": 65.7103643553629,
            "min": 42.7754,
            "med": 61.3457
        },
        "http_req_receiving": {
            "avg": 0.14416208017334778,
            "min": 0,
            "med": 0,
            "max": 1.5935,
            "p(90)": 0.6617600000000001,
            "p(95)": 0.8622599999999999
        },
        "iteration_duration": {
            "max": 2100.3607,
            "p(90)": 1083.9768000000001,
            "p(95)": 1119.6165099999998,
            "avg": 1069.2496437703144,
            "min": 1043.8477,
            "med": 1062.2022
        },
        "http_req_tls_handshaking": {
            "avg": 1.6400147345612135,
            "min": 0,
            "med": 0,
            "max": 65.3755,
            "p(90)": 0,
            "p(95)": 0
        },
        "http_req_failed": {
            "fails": 923,
            "passes": 0,
            "value": 0
        },
        "vus_max": {
            "value": 35,
            "min": 35,
            "max": 35
        },
        "iterations": {
            "count": 923,
            "rate": 26.112182053205345
        },
        "http_req_blocked": {
            "avg": 2.7600682556879734,
            "min": 0,
            "med": 0,
            "max": 118.6503,
            "p(90)": 0,
            "p(95)": 0
        },
        "data_received": {
            "count": 185558,
            "rate": 5249.538762111243
        },
        "login_duration": {
            "max": 1099.9402,
            "p(90)": 79.1422,
            "p(95)": 88.21998999999998,
            "avg": 65.97120205850489,
            "min": 43.3498,
            "med": 61.5117
        },
        "data_sent": {
            "count": 136606,
            "rate": 3864.659524983932
        },
        "http_reqs": {
            "count": 923,
            "rate": 26.112182053205345
        },
        "http_req_duration{expected_response:true}": {
            "min": 43.3498,
            "med": 61.5117,
            "max": 1099.9402,
            "p(90)": 79.1422,
            "p(95)": 88.21998999999998,
            "avg": 65.97120205850489
        },
        "http_req_connecting": {
            "avg": 1.0856750812567713,
            "min": 0,
            "med": 0,
            "max": 42.0595,
            "p(90)": 0,
            "p(95)": 0
        },
        "http_req_duration": {
            "p(95)": 88.21998999999998,
            "avg": 65.97120205850489,
            "min": 43.3498,
            "med": 61.5117,
            "max": 1099.9402,
            "p(90)": 79.1422
        },
        "http_req_sending": {
            "avg": 0.11667562296858076,
            "min": 0,
            "med": 0,
            "max": 1.1082,
            "p(90)": 0.5053,
            "p(95)": 0.52361
        },
        "checks": {
            "passes": 923,
            "fails": 0,
            "value": 1
        },
        "vus": {
            "max": 35,
            "value": 2,
            "min": 2
        }
    }
}