{
    "metrics": {
        "iteration_duration": {
            "min": 1044.0204,
            "med": 1062.68805,
            "max": 4560.2391,
            "p(90)": 1089.3823399999999,
            "p(95)": 1125.2439299999999,
            "avg": 1089.8991952433635
        },
        "http_req_connecting": {
            "p(90)": 0,
            "p(95)": 0,
            "avg": 1.22377389380531,
            "min": 0,
            "med": 0,
            "max": 86.7494
        },
        "http_req_waiting": {
            "avg": 84.2740997787611,
            "min": 39.4211,
            "med": 59.65275,
            "max": 3558.47,
            "p(90)": 79.32512000000001,
            "p(95)": 92.12172
        },
        "data_received": {
            "count": 184140,
            "rate": 5176.111327040087
        },
        "vus": {
            "value": 2,
            "min": 2,
            "max": 35
        },
        "http_req_duration{expected_response:true}": {
            "avg": 85.45837223451336,
            "min": 43.8193,
            "med": 60.80045,
            "max": 3559.7841,
            "p(90)": 80.39365000000001,
            "p(95)": 92.73631499999999
        },
        "login_duration": {
            "max": 3559.7841,
            "p(90)": 80.39365000000001,
            "p(95)": 92.73631499999999,
            "avg": 85.45837223451336,
            "min": 43.8193,
            "med": 60.80045
        },
        "vus_max": {
            "value": 35,
            "min": 35,
            "max": 35
        },
        "http_req_failed": {
            "fails": 904,
            "passes": 0,
            "value": 0
        },
        "http_reqs": {
            "count": 904,
            "rate": 25.411125446096662
        },
        "data_sent": {
            "count": 133365,
            "rate": 3748.8437446003113
        },
        "http_req_tls_handshaking": {
            "avg": 1.7674128318584073,
            "min": 0,
            "med": 0,
            "max": 89.7192,
            "p(90)": 0,
            "p(95)": 0
        },
        "http_req_sending": {
            "p(90)": 1.0518,
            "p(95)": 1.4790799999999966,
            "avg": 0.5662692477876102,
            "min": 0,
            "med": 0.5482,
            "max": 4.5942
        },
        "http_req_receiving": {
            "p(95)": 3.4151749999999974,
            "avg": 0.6180032079646018,
            "min": 0,
            "med": 0,
            "max": 7.6863,
            "p(90)": 2.00393
        },
        "iterations": {
            "count": 904,
            "rate": 25.411125446096662
        },
        "checks": {
            "passes": 904,
            "fails": 0,
            "value": 1
        },
        "http_req_blocked": {
            "min": 0,
            "med": 0,
            "max": 160.3676,
            "p(90)": 0,
            "p(95)": 0,
            "avg": 3.0483448008849567
        },
        "http_req_duration": {
            "p(95)": 92.73631499999999,
            "avg": 85.45837223451336,
            "min": 43.8193,
            "med": 60.80045,
            "max": 3559.7841,
            "p(90)": 80.39365000000001
        }
    },
    "root_group": {
        "id": "d41d8cd98f00b204e9800998ecf8427e",
        "groups": {},
        "checks": {
                "Login request returned 200": {
                    "path": "::Login request returned 200",
                    "id": "572a92ec029029b4b9c772e6bd54fb50",
                    "passes": 904,
                    "fails": 0,
                    "name": "Login request returned 200"
                }
            },
        "name": "",
        "path": ""
    }
}