{
    "root_group": {
        "name": "",
        "path": "",
        "id": "d41d8cd98f00b204e9800998ecf8427e",
        "groups": {},
        "checks": {
                "Login request returned 200": {
                    "id": "572a92ec029029b4b9c772e6bd54fb50",
                    "passes": 1959,
                    "fails": 0,
                    "name": "Login request returned 200",
                    "path": "::Login request returned 200"
                }
            }
    },
    "metrics": {
        "http_req_failed": {
            "passes": 0,
            "fails": 1959,
            "value": 0
        },
        "login_duration": {
            "avg": 81.99275492598264,
            "min": 44.4574,
            "med": 65.954,
            "max": 4631.6397,
            "p(90)": 86.85792000000001,
            "p(95)": 103.50271999999998
        },
        "iterations": {
            "count": 1959,
            "rate": 19.435339187558437
        },
        "http_req_waiting": {
            "p(95)": 101.97737999999997,
            "avg": 80.61092225625323,
            "min": 43.7838,
            "med": 64.4892,
            "max": 4631.6397,
            "p(90)": 85.3173
        },
        "http_req_tls_handshaking": {
            "p(95)": 0,
            "avg": 0.9951449208779992,
            "min": 0,
            "med": 0,
            "max": 145.2394,
            "p(90)": 0
        },
        "http_req_duration": {
            "med": 65.954,
            "max": 4631.6397,
            "p(90)": 86.85792000000001,
            "p(95)": 103.50271999999998,
            "avg": 81.99275492598264,
            "min": 44.4574
        },
        "http_req_receiving": {
            "min": 0,
            "med": 0,
            "max": 7.7211,
            "p(90)": 2.7697399999999996,
            "p(95)": 3.95415,
            "avg": 0.7651554874936202
        },
        "checks": {
            "passes": 1959,
            "fails": 0,
            "value": 1
        },
        "http_req_connecting": {
            "avg": 0.7034986727922411,
            "min": 0,
            "med": 0,
            "max": 102.4367,
            "p(90)": 0,
            "p(95)": 0
        },
        "data_sent": {
            "count": 265939,
            "rate": 2638.394419703983
        },
        "http_req_sending": {
            "avg": 0.6166771822358356,
            "min": 0,
            "med": 0.5558,
            "max": 5.1099,
            "p(90)": 1.1712600000000002,
            "p(95)": 1.5673
        },
        "iteration_duration": {
            "avg": 1085.1478474732014,
            "min": 1044.621,
            "med": 1067.3333,
            "max": 5633.5235,
            "p(90)": 1091.96258,
            "p(95)": 1117.89867
        },
        "http_req_blocked": {
            "p(90)": 0,
            "p(95)": 0,
            "avg": 1.731906942317509,
            "min": 0,
            "med": 0,
            "max": 260.954
        },
        "vus_max": {
            "value": 35,
            "min": 35,
            "max": 35
        },
        "http_req_duration{expected_response:true}": {
            "min": 44.4574,
            "med": 65.954,
            "max": 4631.6397,
            "p(90)": 86.85792000000001,
            "p(95)": 103.50271999999998,
            "avg": 81.99275492598264
        },
        "vus": {
            "value": 3,
            "min": 1,
            "max": 35
        },
        "data_received": {
            "rate": 2664.3181263385363,
            "count": 268552
        },
        "http_reqs": {
            "count": 1959,
            "rate": 19.435339187558437
        }
    }
}