{
    "metrics": {
        "login_duration": {
            "p(95)": 109.18395999999998,
            "avg": 146.93160776025223,
            "min": 0,
            "med": 65.2141,
            "max": 43201.3368,
            "p(90)": 90.99378
        },
        "http_req_tls_handshaking": {
            "p(95)": 27.63359999999843,
            "avg": 5.121294132492113,
            "min": 0,
            "med": 0,
            "max": 276.8117,
            "p(90)": 0
        },
        "data_received": {
            "count": 381111,
            "rate": 2925.381152902145
        },
        "iterations": {
            "count": 1585,
            "rate": 12.166348196063351
        },
        "vus": {
            "value": 3,
            "min": 1,
            "max": 49
        },
        "http_req_receiving": {
            "p(95)": 3.76184,
            "avg": 0.535589400630915,
            "min": 0,
            "med": 0,
            "max": 8.6122,
            "p(90)": 1.7867400000000018
        },
        "vus_max": {
            "value": 50,
            "min": 50,
            "max": 50
        },
        "http_req_blocked": {
            "p(95)": 46.39087999999736,
            "avg": 12.463968580441641,
            "min": 0,
            "med": 0,
            "max": 1275.5757,
            "p(90)": 0
        },
        "http_req_connecting": {
            "avg": 7.307112176656152,
            "min": 0,
            "med": 0,
            "max": 1218.3,
            "p(90)": 0,
            "p(95)": 16.87591999999904
        },
        "http_req_waiting": {
            "max": 43200.864,
            "p(90)": 90.36588000000005,
            "p(95)": 108.50107999999999,
            "avg": 145.9460645425866,
            "min": 0,
            "med": 64.3646
        },
        "http_req_failed": {
            "passes": 38,
            "fails": 1547,
            "value": 0.023974763406940065
        },
        "checks": {
            "passes": 1547,
            "fails": 38,
            "value": 0.97602523659306
        },
        "data_sent": {
            "count": 237196,
            "rate": 1820.6997644879766
        },
        "http_reqs": {
            "count": 1585,
            "rate": 12.166348196063351
        },
        "http_req_sending": {
            "p(95)": 1.4320599999999994,
            "avg": 0.4499538170346997,
            "min": 0,
            "med": 0.4171,
            "max": 12.5853,
            "p(90)": 0.9143200000000001
        },
        "iteration_duration": {
            "med": 1069.2591,
            "max": 44290.215,
            "p(90)": 1155.71824,
            "p(95)": 1502.4899799999998,
            "avg": 2170.191020946371,
            "min": 1043.2709
        },
        "http_req_duration": {
            "min": 0,
            "med": 65.2141,
            "max": 43201.3368,
            "p(90)": 90.99378,
            "p(95)": 109.18395999999998,
            "avg": 146.93160776025223
        },
        "http_req_duration{expected_response:true}": {
            "p(90)": 91.0875,
            "p(95)": 110.20815999999999,
            "avg": 150.54078752424033,
            "min": 39.6177,
            "med": 65.7478,
            "max": 43201.3368
        }
    },
    "root_group": {
        "id": "d41d8cd98f00b204e9800998ecf8427e",
        "groups": {},
        "checks": {
                "Login request returned 200": {
                    "name": "Login request returned 200",
                    "path": "::Login request returned 200",
                    "id": "572a92ec029029b4b9c772e6bd54fb50",
                    "passes": 1547,
                    "fails": 38
                }
            },
        "name": "",
        "path": ""
    }
}