{
    "root_group": {
        "checks": {
            "Login request returned 200": {
                "name": "Login request returned 200",
                "path": "::Login request returned 200",
                "id": "572a92ec029029b4b9c772e6bd54fb50",
                "passes": 1854,
                "fails": 0
            },
            "Play request returned 200": {
                "name": "Play request returned 200",
                "path": "::Play request returned 200",
                "id": "81a35480d3fa4312b9306d0c2c265fcb",
                "passes": 1854,
                "fails": 0
            }
        },
        "name": "",
        "path": "",
        "id": "d41d8cd98f00b204e9800998ecf8427e",
        "groups": {}
    },
    "metrics": {
        "http_reqs": {
            "count": 3708,
            "rate": 36.846033289210574
        },
        "http_req_duration{expected_response:true}": {
            "p(95)": 90.91814499999997,
            "avg": 69.552447815534,
            "min": 0,
            "med": 60.544650000000004,
            "max": 4130.6276,
            "p(90)": 79.13752
        },
        "http_req_connecting": {
            "avg": 0.2660518878101402,
            "min": 0,
            "med": 0,
            "max": 55.3767,
            "p(90)": 0,
            "p(95)": 0
        },
        "http_req_waiting": {
            "avg": 68.23252559331168,
            "min": 0,
            "med": 59.24535,
            "max": 4127.5989,
            "p(90)": 77.90908000000002,
            "p(95)": 88.97796499999997
        },
        "http_req_failed": {
            "passes": 0,
            "fails": 3708,
            "value": 0
        },
        "vus_max": {
            "min": 35,
            "max": 35,
            "value": 35
        },
        "http_req_duration": {
            "avg": 69.552447815534,
            "min": 0,
            "med": 60.544650000000004,
            "max": 4130.6276,
            "p(90)": 79.13752,
            "p(95)": 90.91814499999997
        },
        "http_req_receiving": {
            "avg": 0.6920667745415306,
            "min": 0,
            "med": 0,
            "max": 15.3608,
            "p(90)": 2.4729900000000002,
            "p(95)": 4.453519999999992
        },
        "data_sent": {
            "count": 382267,
            "rate": 3798.549786236963
        },
        "http_req_tls_handshaking": {
            "max": 90.9457,
            "p(90)": 0,
            "p(95)": 0,
            "avg": 0.43866887810140226,
            "min": 0,
            "med": 0
        },
        "iterations": {
            "count": 1854,
            "rate": 18.423016644605287
        },
        "http_req_sending": {
            "p(95)": 1.9777099999999994,
            "avg": 0.6278554476806921,
            "min": 0,
            "med": 0.4842,
            "max": 118.251,
            "p(90)": 1.188080000000001
        },
        "login_duration": {
            "med": 61.009,
            "max": 4130.6276,
            "p(90)": 80.30635,
            "p(95)": 92.53280499999998,
            "avg": 70.08372497303144,
            "min": 0
        },
        "vus": {
            "value": 2,
            "min": 1,
            "max": 35
        },
        "play_duration": {
            "max": 4106.0005,
            "p(90)": 78.38476,
            "p(95)": 89.68033,
            "avg": 69.02117065803662,
            "min": 40.4678,
            "med": 60.188050000000004
        },
        "http_req_blocked": {
            "avg": 0.7135061758360303,
            "min": 0,
            "med": 0,
            "max": 135.4151,
            "p(90)": 0,
            "p(95)": 0
        },
        "checks": {
            "passes": 3708,
            "fails": 0,
            "value": 1
        },
        "data_received": {
            "count": 374914,
            "rate": 3725.48374449598
        },
        "iteration_duration": {
            "avg": 1146.3048609492996,
            "min": 1091.7292,
            "med": 1126.24265,
            "max": 5181.1283,
            "p(90)": 1167.23885,
            "p(95)": 1199.80083
        }
    }
}