{
    "root_group": {
        "checks": {
            "Login request returned 200": {
                "id": "572a92ec029029b4b9c772e6bd54fb50",
                "passes": 1266,
                "fails": 0,
                "name": "Login request returned 200",
                "path": "::Login request returned 200"
            },
            "Play request returned 200": {
                "id": "81a35480d3fa4312b9306d0c2c265fcb",
                "passes": 1266,
                "fails": 0,
                "name": "Play request returned 200",
                "path": "::Play request returned 200"
            }
        },
        "name": "",
        "path": "",
        "id": "d41d8cd98f00b204e9800998ecf8427e",
        "groups": {}
    },
    "metrics": {
        "http_req_waiting": {
            "min": 40.0249,
            "med": 51.199650000000005,
            "max": 1050.3853,
            "p(90)": 64.67160000000001,
            "p(95)": 71.60299499999999,
            "avg": 54.58167843601902
        },
        "data_sent": {
            "count": 275870,
            "rate": 7752.278553635411
        },
        "data_received": {
            "count": 340477,
            "rate": 9567.812901388785
        },
        "http_req_sending": {
            "min": 0,
            "med": 0,
            "max": 1.3421,
            "p(90)": 0.10599,
            "p(95)": 0.15588999999999997,
            "avg": 0.0380599526066351
        },
        "vus_max": {
            "value": 50,
            "min": 50,
            "max": 50
        },
        "http_req_duration{expected_response:true}": {
            "p(90)": 64.67160000000001,
            "p(95)": 71.60299499999999,
            "avg": 54.66083412322281,
            "min": 40.1809,
            "med": 51.295500000000004,
            "max": 1050.3853
        },
        "http_req_connecting": {
            "avg": 0.4173022116903634,
            "min": 0,
            "med": 0,
            "max": 26.9683,
            "p(90)": 0,
            "p(95)": 0
        },
        "iteration_duration": {
            "avg": 1112.1532356240132,
            "min": 1084.5479,
            "med": 1104.8383,
            "max": 2107.4186,
            "p(90)": 1132.2325999999998,
            "p(95)": 1153.7881499999999
        },
        "http_req_tls_handshaking": {
            "max": 44.016,
            "p(90)": 0,
            "p(95)": 0,
            "avg": 0.6184571090047394,
            "min": 0,
            "med": 0
        },
        "vus": {
            "value": 3,
            "min": 3,
            "max": 50
        },
        "iterations": {
            "count": 1266,
            "rate": 35.57612153877707
        },
        "play_duration": {
            "avg": 54.43363459715634,
            "min": 40.3721,
            "med": 51.15475,
            "max": 829.4785,
            "p(90)": 64.1528,
            "p(95)": 70.6482
        },
        "http_req_duration": {
            "p(95)": 71.60299499999999,
            "avg": 54.66083412322281,
            "min": 40.1809,
            "med": 51.295500000000004,
            "max": 1050.3853,
            "p(90)": 64.67160000000001
        },
        "http_req_blocked": {
            "p(95)": 0,
            "avg": 1.0423330173775673,
            "min": 0,
            "med": 0,
            "max": 75.0961,
            "p(90)": 0
        },
        "http_reqs": {
            "count": 2532,
            "rate": 71.15224307755415
        },
        "http_req_failed": {
            "passes": 0,
            "fails": 2532,
            "value": 0
        },
        "login_duration": {
            "max": 1050.3853,
            "p(90)": 65.43025,
            "p(95)": 71.73049999999999,
            "avg": 54.88803364928908,
            "min": 40.1809,
            "med": 51.3335
        },
        "http_req_receiving": {
            "max": 1.0294,
            "p(90)": 0.03917000000000094,
            "p(95)": 0.3208949999999998,
            "avg": 0.041095734597156396,
            "min": 0,
            "med": 0
        },
        "checks": {
            "passes": 2532,
            "fails": 0,
            "value": 1
        }
    }
}