{
    "root_group": {
        "name": "",
        "path": "",
        "id": "d41d8cd98f00b204e9800998ecf8427e",
        "groups": {},
        "checks": {
                "Login request returned 200": {
                    "path": "::Login request returned 200",
                    "id": "572a92ec029029b4b9c772e6bd54fb50",
                    "passes": 253,
                    "fails": 0,
                    "name": "Login request returned 200"
                },
                "Play request returned 200": {
                    "fails": 0,
                    "name": "Play request returned 200",
                    "path": "::Play request returned 200",
                    "id": "81a35480d3fa4312b9306d0c2c265fcb",
                    "passes": 253
                }
            }
    },
    "metrics": {
        "play_duration": {
            "avg": 60.898237944664075,
            "min": 42.7629,
            "med": 57.4378,
            "max": 153.9595,
            "p(90)": 76.30360000000002,
            "p(95)": 82.03299999999994
        },
        "iteration_duration": {
            "avg": 1134.5727857707502,
            "min": 1094.2015,
            "med": 1124.3273,
            "max": 1380.9629,
            "p(90)": 1167.9539,
            "p(95)": 1202.85432
        },
        "data_sent": {
            "count": 55091,
            "rate": 1528.201862586555
        },
        "http_req_tls_handshaking": {
            "avg": 1.2260065217391303,
            "min": 0,
            "med": 0,
            "max": 109.9646,
            "p(90)": 0,
            "p(95)": 0
        },
        "http_req_failed": {
            "passes": 0,
            "fails": 506,
            "value": 0
        },
        "login_duration": {
            "avg": 64.72877509881421,
            "min": 41.479,
            "med": 60.8207,
            "max": 218.9092,
            "p(90)": 81.30446,
            "p(95)": 89.57555999999997
        },
        "http_req_duration{expected_response:true}": {
            "avg": 62.81350652173908,
            "min": 41.479,
            "med": 59.53465,
            "max": 218.9092,
            "p(90)": 78.61535,
            "p(95)": 86.8546
        },
        "vus_max": {
            "value": 10,
            "min": 10,
            "max": 10
        },
        "http_req_waiting": {
            "avg": 61.560278853754966,
            "min": 39.0108,
            "med": 58.179050000000004,
            "max": 217.2814,
            "p(90)": 77.64325,
            "p(95)": 84.889375
        },
        "http_reqs": {
            "rate": 14.036233549378245,
            "count": 506
        },
        "vus": {
            "value": 1,
            "min": 1,
            "max": 10
        },
        "iterations": {
            "count": 253,
            "rate": 7.018116774689123
        },
        "http_req_blocked": {
            "min": 0,
            "med": 0,
            "max": 236.3872,
            "p(90)": 0,
            "p(95)": 0,
            "avg": 2.2275596837944662
        },
        "http_req_receiving": {
            "avg": 0.6898820158102767,
            "min": 0,
            "med": 0,
            "max": 8.1668,
            "p(90)": 2.3543000000000003,
            "p(95)": 4.11095
        },
        "http_req_connecting": {
            "avg": 0.9044341897233201,
            "min": 0,
            "med": 0,
            "max": 126.4226,
            "p(90)": 0,
            "p(95)": 0
        },
        "data_received": {
            "count": 68123,
            "rate": 1889.7042254630321
        },
        "http_req_duration": {
            "p(90)": 78.61535,
            "p(95)": 86.8546,
            "avg": 62.81350652173908,
            "min": 41.479,
            "med": 59.53465,
            "max": 218.9092
        },
        "http_req_sending": {
            "med": 0.51415,
            "max": 9.1085,
            "p(90)": 1.03155,
            "p(95)": 1.79605,
            "avg": 0.5633456521739133,
            "min": 0
        },
        "checks": {
            "passes": 506,
            "fails": 0,
            "value": 1
        }
    }
}