{
    "metrics": {
        "http_req_connecting": {
            "p(90)": 0,
            "p(95)": 0,
            "avg": 0.41092868981846864,
            "min": 0,
            "med": 0,
            "max": 30.0145
        },
        "http_req_waiting": {
            "min": 39.0085,
            "med": 50.49785,
            "max": 240.929,
            "p(90)": 63.69923,
            "p(95)": 71.008675,
            "avg": 53.09512198105759
        },
        "vus": {
            "min": 2,
            "max": 50,
            "value": 2
        },
        "data_received": {
            "rate": 9573.028531133506,
            "count": 340194
        },
        "http_req_tls_handshaking": {
            "min": 0,
            "med": 0,
            "max": 47.7557,
            "p(90)": 0,
            "p(95)": 0,
            "avg": 0.6264781767955802
        },
        "checks": {
            "passes": 2534,
            "fails": 0,
            "value": 1
        },
        "play_duration": {
            "avg": 53.02583512233624,
            "min": 39.8333,
            "med": 50.5433,
            "max": 240.929,
            "p(90)": 63.438660000000006,
            "p(95)": 70.72131
        },
        "vus_max": {
            "value": 50,
            "min": 50,
            "max": 50
        },
        "http_req_duration": {
            "max": 240.929,
            "p(90)": 63.79595000000001,
            "p(95)": 71.05626,
            "avg": 53.179171033938395,
            "min": 39.8333,
            "med": 50.5792
        },
        "http_req_receiving": {
            "med": 0,
            "max": 1.4491,
            "p(90)": 0.1749100000000009,
            "p(95)": 0.3937149999999999,
            "avg": 0.05042158642462508,
            "min": 0
        },
        "login_duration": {
            "p(95)": 71.67497,
            "avg": 53.332506945540665,
            "min": 40.3583,
            "med": 50.6032,
            "max": 181.8087,
            "p(90)": 64.20478
        },
        "http_req_duration{expected_response:true}": {
            "min": 39.8333,
            "med": 50.5792,
            "max": 240.929,
            "p(90)": 63.79595000000001,
            "p(95)": 71.05626,
            "avg": 53.179171033938395
        },
        "iteration_duration": {
            "avg": 1109.1639525651142,
            "min": 1082.3126,
            "med": 1103.3951,
            "max": 1290.4366,
            "p(90)": 1130.86948,
            "p(95)": 1154.47143
        },
        "iterations": {
            "count": 1267,
            "rate": 35.65326592751828
        },
        "data_sent": {
            "count": 276065,
            "rate": 7768.444244893712
        },
        "http_reqs": {
            "count": 2534,
            "rate": 71.30653185503655
        },
        "http_req_blocked": {
            "p(90)": 0,
            "p(95)": 0,
            "avg": 1.0461462115232831,
            "min": 0,
            "med": 0,
            "max": 87.3824
        },
        "http_req_failed": {
            "passes": 0,
            "fails": 2534,
            "value": 0
        },
        "http_req_sending": {
            "p(90)": 0.08040000000000026,
            "p(95)": 0.14150999999999994,
            "avg": 0.03362746645619572,
            "min": 0,
            "med": 0,
            "max": 1.3458
        }
    },
    "root_group": {
        "checks": {
            "Login request returned 200": {
                "name": "Login request returned 200",
                "path": "::Login request returned 200",
                "id": "572a92ec029029b4b9c772e6bd54fb50",
                "passes": 1267,
                "fails": 0
            },
            "Play request returned 200": {
                "name": "Play request returned 200",
                "path": "::Play request returned 200",
                "id": "81a35480d3fa4312b9306d0c2c265fcb",
                "passes": 1267,
                "fails": 0
            }
        },
        "name": "",
        "path": "",
        "id": "d41d8cd98f00b204e9800998ecf8427e",
        "groups": {}
    }
}