{
    "root_group": {
        "name": "",
        "path": "",
        "id": "d41d8cd98f00b204e9800998ecf8427e",
        "groups": {},
        "checks": {
                "Login request returned 200": {
                    "passes": 344,
                    "fails": 0,
                    "name": "Login request returned 200",
                    "path": "::Login request returned 200",
                    "id": "572a92ec029029b4b9c772e6bd54fb50"
                }
            }
    },
    "metrics": {
        "data_received": {
            "count": 59543,
            "rate": 1171.070897339767
        },
        "iterations": {
            "count": 344,
            "rate": 6.765671677357202
        },
        "http_req_duration{expected_response:true}": {
            "avg": 52.69357441860466,
            "min": 39.9653,
            "med": 50.4767,
            "max": 122.185,
            "p(90)": 63.212129999999995,
            "p(95)": 71.00301499999995
        },
        "login_duration": {
            "avg": 52.69357441860466,
            "min": 39.9653,
            "med": 50.4767,
            "max": 122.185,
            "p(90)": 63.212129999999995,
            "p(95)": 71.00301499999995
        },
        "http_req_failed": {
            "passes": 0,
            "fails": 344,
            "value": 0
        },
        "iteration_duration": {
            "avg": 1054.8533552325587,
            "min": 1040.5884,
            "med": 1051.1689999999999,
            "max": 1140.9983,
            "p(90)": 1067.05972,
            "p(95)": 1081.65077
        },
        "http_req_tls_handshaking": {
            "med": 0,
            "max": 49.1193,
            "p(90)": 0,
            "p(95)": 0,
            "avg": 0.9551569767441861,
            "min": 0
        },
        "http_req_sending": {
            "p(95)": 0.19024999999999997,
            "avg": 0.03679651162790699,
            "min": 0,
            "med": 0,
            "max": 0.5274,
            "p(90)": 0.17668
        },
        "vus": {
            "value": 1,
            "min": 1,
            "max": 10
        },
        "vus_max": {
            "value": 10,
            "min": 10,
            "max": 10
        },
        "http_req_blocked": {
            "min": 0,
            "med": 0,
            "max": 80.4091,
            "p(90)": 0,
            "p(95)": 0,
            "avg": 1.5968424418604652
        },
        "http_req_receiving": {
            "med": 0,
            "max": 1.0405,
            "p(90)": 0,
            "p(95)": 0.3117099999999995,
            "avg": 0.048215988372093024,
            "min": 0
        },
        "http_req_connecting": {
            "avg": 0.5980002906976744,
            "min": 0,
            "med": 0,
            "max": 26.1055,
            "p(90)": 0,
            "p(95)": 0
        },
        "http_req_duration": {
            "avg": 52.69357441860466,
            "min": 39.9653,
            "med": 50.4767,
            "max": 122.185,
            "p(90)": 63.212129999999995,
            "p(95)": 71.00301499999995
        },
        "http_req_waiting": {
            "med": 50.364149999999995,
            "max": 122.0442,
            "p(90)": 63.212129999999995,
            "p(95)": 71.00301499999995,
            "avg": 52.60856191860464,
            "min": 39.9653
        },
        "http_reqs": {
            "rate": 6.765671677357202,
            "count": 344
        },
        "checks": {
            "passes": 344,
            "fails": 0,
            "value": 1
        },
        "data_sent": {
            "count": 48531,
            "rate": 954.4907330634371
        }
    }
}