{
    "metrics": {
        "http_req_failed": {
            "passes": 0,
            "fails": 450,
            "value": 0
        },
        "http_reqs": {
            "count": 450,
            "rate": 12.759913193573304
        },
        "play_duration": {
            "avg": 160.91576888888886,
            "min": 48.8083,
            "med": 71.222,
            "max": 6612.5353,
            "p(90)": 89.71226,
            "p(95)": 95.99115999999998
        },
        "http_req_duration{expected_response:true}": {
            "avg": 144.1613746666667,
            "min": 48.8083,
            "med": 71.8671,
            "max": 6612.5353,
            "p(90)": 88.86077,
            "p(95)": 95.75294999999997
        },
        "http_req_tls_handshaking": {
            "avg": 1.403267111111111,
            "min": 0,
            "med": 0,
            "max": 88.7698,
            "p(90)": 0,
            "p(95)": 0
        },
        "http_req_connecting": {
            "max": 72.4655,
            "p(90)": 0,
            "p(95)": 0,
            "avg": 0.9931866666666668,
            "min": 0,
            "med": 0
        },
        "http_req_sending": {
            "avg": 0.5671499999999996,
            "min": 0,
            "med": 0.5293,
            "max": 6.6469,
            "p(90)": 1.0242400000000005,
            "p(95)": 1.604439999999997
        },
        "http_req_receiving": {
            "max": 7.5928,
            "p(90)": 2.564710000000001,
            "p(95)": 3.770804999999998,
            "avg": 0.7150873333333334,
            "min": 0,
            "med": 0
        },
        "iteration_duration": {
            "min": 1106.8291,
            "med": 1148.6638,
            "max": 7681.372,
            "p(90)": 1192.02228,
            "p(95)": 1280.7822,
            "avg": 1295.5183928888887
        },
        "vus": {
            "max": 10,
            "value": 1,
            "min": 1
        },
        "login_duration": {
            "p(95)": 94.7468,
            "avg": 127.40698044444443,
            "min": 53.1601,
            "med": 72.254,
            "max": 6199.0123,
            "p(90)": 88.66238
        },
        "http_req_duration": {
            "p(95)": 95.75294999999997,
            "avg": 144.1613746666667,
            "min": 48.8083,
            "med": 71.8671,
            "max": 6612.5353,
            "p(90)": 88.86077
        },
        "http_req_blocked": {
            "avg": 2.4810844444444444,
            "min": 0,
            "med": 0,
            "max": 162.7817,
            "p(90)": 0,
            "p(95)": 0
        },
        "vus_max": {
            "value": 10,
            "min": 10,
            "max": 10
        },
        "iterations": {
            "count": 225,
            "rate": 6.379956596786652
        },
        "checks": {
            "passes": 450,
            "fails": 0,
            "value": 1
        },
        "data_sent": {
            "count": 49653,
            "rate": 1407.9288217788785
        },
        "http_req_waiting": {
            "med": 70.81965,
            "max": 6612.0228,
            "p(90)": 88.11487000000001,
            "p(95)": 94.651715,
            "avg": 142.87913733333335,
            "min": 45.3869
        },
        "data_received": {
            "rate": 1823.0513310097965,
            "count": 64293
        }
    },
    "root_group": {
        "name": "",
        "path": "",
        "id": "d41d8cd98f00b204e9800998ecf8427e",
        "groups": {},
        "checks": {
                "Login request returned 200": {
                    "path": "::Login request returned 200",
                    "id": "572a92ec029029b4b9c772e6bd54fb50",
                    "passes": 225,
                    "fails": 0,
                    "name": "Login request returned 200"
                },
                "Play request returned 200": {
                    "name": "Play request returned 200",
                    "path": "::Play request returned 200",
                    "id": "81a35480d3fa4312b9306d0c2c265fcb",
                    "passes": 225,
                    "fails": 0
                }
            }
    }
}