{
    "root_group": {
        "path": "",
        "id": "d41d8cd98f00b204e9800998ecf8427e",
        "groups": {},
        "checks": {
                "Login request returned 200": {
                    "id": "572a92ec029029b4b9c772e6bd54fb50",
                    "passes": 318,
                    "fails": 0,
                    "name": "Login request returned 200",
                    "path": "::Login request returned 200"
                },
                "Play request returned 200": {
                    "passes": 318,
                    "fails": 0,
                    "name": "Play request returned 200",
                    "path": "::Play request returned 200",
                    "id": "81a35480d3fa4312b9306d0c2c265fcb"
                }
            },
        "name": ""
    },
    "metrics": {
        "http_req_tls_handshaking": {
            "max": 85.942,
            "p(90)": 0,
            "p(95)": 0,
            "avg": 0.8048141509433964,
            "min": 0,
            "med": 0
        },
        "http_req_receiving": {
            "avg": 0.6364882075471697,
            "min": 0,
            "med": 0,
            "max": 8.2571,
            "p(90)": 2.34215,
            "p(95)": 3.645075
        },
        "vus": {
            "value": 2,
            "min": 1,
            "max": 10
        },
        "http_req_blocked": {
            "p(95)": 0,
            "avg": 1.430314150943396,
            "min": 0,
            "med": 0,
            "max": 148.1445,
            "p(90)": 0
        },
        "http_req_sending": {
            "avg": 0.5966172955974843,
            "min": 0,
            "med": 0.54705,
            "max": 6.1764,
            "p(90)": 1.14245,
            "p(95)": 1.5671499999999998
        },
        "http_req_failed": {
            "passes": 0,
            "fails": 636,
            "value": 0
        },
        "vus_max": {
            "value": 10,
            "min": 10,
            "max": 10
        },
        "http_req_waiting": {
            "p(95)": 91.2451,
            "avg": 63.83288396226406,
            "min": 42.6264,
            "med": 60.7339,
            "max": 211.8657,
            "p(90)": 81.69235
        },
        "login_duration": {
            "max": 122.4073,
            "p(90)": 83.41952,
            "p(95)": 91.33344000000001,
            "avg": 65.25724622641509,
            "min": 45.4716,
            "med": 61.629999999999995
        },
        "iterations": {
            "count": 318,
            "rate": 6.249345243521538
        },
        "http_reqs": {
            "count": 636,
            "rate": 12.498690487043076
        },
        "http_req_connecting": {
            "med": 0,
            "max": 50.9248,
            "p(90)": 0,
            "p(95)": 0,
            "avg": 0.572453144654088,
            "min": 0
        },
        "data_sent": {
            "rate": 1337.5760544333536,
            "count": 68063
        },
        "data_received": {
            "rate": 1516.4095189492214,
            "count": 77163
        },
        "checks": {
            "passes": 636,
            "fails": 0,
            "value": 1
        },
        "iteration_duration": {
            "p(90)": 1167.59124,
            "p(95)": 1192.36187,
            "avg": 1135.1132317610075,
            "min": 1096.0457,
            "med": 1127.14175,
            "max": 1359.5893
        },
        "http_req_duration{expected_response:true}": {
            "avg": 65.06598946540876,
            "min": 43.7199,
            "med": 61.923649999999995,
            "max": 217.0214,
            "p(90)": 82.47685,
            "p(95)": 91.2451
        },
        "play_duration": {
            "p(95)": 88.846515,
            "avg": 64.87473270440246,
            "min": 43.7199,
            "med": 61.998149999999995,
            "max": 217.0214,
            "p(90)": 82.08551
        },
        "http_req_duration": {
            "med": 61.923649999999995,
            "max": 217.0214,
            "p(90)": 82.47685,
            "p(95)": 91.2451,
            "avg": 65.06598946540876,
            "min": 43.7199
        }
    }
}