{
    "root_group": {
        "name": "",
        "path": "",
        "id": "d41d8cd98f00b204e9800998ecf8427e",
        "groups": {},
        "checks": {
                "Login request returned 200": {
                    "name": "Login request returned 200",
                    "path": "::Login request returned 200",
                    "id": "572a92ec029029b4b9c772e6bd54fb50",
                    "passes": 1978,
                    "fails": 0
                }
            }
    },
    "metrics": {
        "http_req_sending": {
            "min": 0,
            "med": 0.54385,
            "max": 41.0183,
            "p(90)": 1.14129,
            "p(95)": 1.6353549999999948,
            "avg": 0.6534220930232564
        },
        "http_req_blocked": {
            "avg": 1.6717414054600608,
            "min": 0,
            "med": 0,
            "max": 345.9411,
            "p(90)": 0,
            "p(95)": 0
        },
        "http_req_duration": {
            "avg": 70.12671218402426,
            "min": 41.4272,
            "med": 60.81645,
            "max": 4063.5276,
            "p(90)": 80.1829,
            "p(95)": 89.76091499999997
        },
        "http_req_duration{expected_response:true}": {
            "p(95)": 89.76091499999997,
            "avg": 70.12671218402426,
            "min": 41.4272,
            "med": 60.81645,
            "max": 4063.5276,
            "p(90)": 80.1829
        },
        "http_reqs": {
            "count": 1978,
            "rate": 19.593674423319626
        },
        "login_duration": {
            "avg": 70.12671218402426,
            "min": 41.4272,
            "med": 60.81645,
            "max": 4063.5276,
            "p(90)": 80.1829,
            "p(95)": 89.76091499999997
        },
        "data_received": {
            "rate": 2675.0021314312057,
            "count": 270044
        },
        "vus_max": {
            "max": 35,
            "value": 35,
            "min": 35
        },
        "iteration_duration": {
            "max": 5064.4952,
            "p(90)": 1084.19141,
            "p(95)": 1103.5459700000001,
            "avg": 1073.5354232558157,
            "min": 1043.6168,
            "med": 1062.2177499999998
        },
        "http_req_connecting": {
            "avg": 0.7340793731041458,
            "min": 0,
            "med": 0,
            "max": 186.676,
            "p(90)": 0,
            "p(95)": 0
        },
        "http_req_tls_handshaking": {
            "p(95)": 0,
            "avg": 0.8931930738119309,
            "min": 0,
            "med": 0,
            "max": 159.2651,
            "p(90)": 0
        },
        "checks": {
            "fails": 0,
            "passes": 1978,
            "value": 1
        },
        "data_sent": {
            "count": 269098,
            "rate": 2665.631243663531
        },
        "http_req_failed": {
            "passes": 0,
            "fails": 1978,
            "value": 0
        },
        "http_req_waiting": {
            "avg": 68.76284514661273,
            "min": 40.2793,
            "med": 59.4563,
            "max": 4063.5276,
            "p(90)": 78.80108999999999,
            "p(95)": 88.10938499999997
        },
        "vus": {
            "value": 2,
            "min": 1,
            "max": 35
        },
        "iterations": {
            "count": 1978,
            "rate": 19.593674423319626
        },
        "http_req_receiving": {
            "max": 11.8904,
            "p(90)": 2.35262,
            "p(95)": 3.7259449999999994,
            "avg": 0.710444944388271,
            "min": 0,
            "med": 0
        }
    }
}