{
    "root_group": {
        "path": "",
        "id": "d41d8cd98f00b204e9800998ecf8427e",
        "groups": {},
        "checks": {
                "Login request returned 200": {
                    "id": "572a92ec029029b4b9c772e6bd54fb50",
                    "passes": 1094,
                    "fails": 0,
                    "name": "Login request returned 200",
                    "path": "::Login request returned 200"
                },
                "Play request returned 200": {
                    "name": "Play request returned 200",
                    "path": "::Play request returned 200",
                    "id": "81a35480d3fa4312b9306d0c2c265fcb",
                    "passes": 1094,
                    "fails": 0
                }
            },
        "name": ""
    },
    "metrics": {
        "iterations": {
            "count": 1094,
            "rate": 13.580472644839055
        },
        "vus": {
            "value": 2,
            "min": 1,
            "max": 25
        },
        "data_sent": {
            "count": 228355,
            "rate": 2834.7064267022142
        },
        "data_received": {
            "count": 239137,
            "rate": 2968.549805181789
        },
        "http_req_tls_handshaking": {
            "max": 47.0238,
            "p(90)": 0,
            "p(95)": 0,
            "avg": 0.38484721206581346,
            "min": 0,
            "med": 0
        },
        "http_req_waiting": {
            "p(95)": 78.10380500000001,
            "avg": 79.46607833638026,
            "min": 38.857,
            "med": 51.1493,
            "max": 4115.4013,
            "p(90)": 68.13684
        },
        "http_req_duration{expected_response:true}": {
            "avg": 79.54096430530167,
            "min": 38.857,
            "med": 51.248599999999996,
            "max": 4115.4013,
            "p(90)": 68.15455,
            "p(95)": 78.11167
        },
        "http_req_connecting": {
            "avg": 0.23627888482632542,
            "min": 0,
            "med": 0,
            "max": 26.0376,
            "p(90)": 0,
            "p(95)": 0
        },
        "iteration_duration": {
            "p(95)": 1164.492655,
            "avg": 1161.116046160877,
            "min": 1082.4041,
            "med": 1105.37985,
            "max": 5184.4689,
            "p(90)": 1140.20169
        },
        "checks": {
            "passes": 2188,
            "fails": 0,
            "value": 1
        },
        "http_req_sending": {
            "avg": 0.04417330895795249,
            "min": 0,
            "med": 0,
            "max": 1.4908,
            "p(90)": 0.1037,
            "p(95)": 0.20299000000000006
        },
        "vus_max": {
            "min": 25,
            "max": 25,
            "value": 25
        },
        "http_req_receiving": {
            "min": 0,
            "med": 0,
            "max": 1.4558,
            "p(90)": 0,
            "p(95)": 0.04507500000000141,
            "avg": 0.030712659963436938
        },
        "http_reqs": {
            "rate": 27.16094528967811,
            "count": 2188
        },
        "http_req_duration": {
            "avg": 79.54096430530167,
            "min": 38.857,
            "med": 51.248599999999996,
            "max": 4115.4013,
            "p(90)": 68.15455,
            "p(95)": 78.11167
        },
        "http_req_failed": {
            "passes": 0,
            "fails": 2188,
            "value": 0
        },
        "login_duration": {
            "max": 4115.4013,
            "p(90)": 67.87356000000001,
            "p(95)": 77.34025999999999,
            "avg": 82.7344467093237,
            "min": 39.2643,
            "med": 51.04585
        },
        "http_req_blocked": {
            "p(95)": 0,
            "avg": 0.6453229890310785,
            "min": 0,
            "med": 0,
            "max": 119.3355,
            "p(90)": 0
        },
        "play_duration": {
            "avg": 76.34748190127974,
            "min": 38.857,
            "med": 51.438500000000005,
            "max": 3652.0367,
            "p(90)": 68.38718,
            "p(95)": 79.13889999999991
        }
    }
}