{
    "root_group": {
        "path": "",
        "id": "d41d8cd98f00b204e9800998ecf8427e",
        "groups": {},
        "checks": {
                "Login request returned 200": {
                    "passes": 622,
                    "fails": 0,
                    "name": "Login request returned 200",
                    "path": "::Login request returned 200",
                    "id": "572a92ec029029b4b9c772e6bd54fb50"
                },
                "Play request returned 200": {
                    "name": "Play request returned 200",
                    "path": "::Play request returned 200",
                    "id": "81a35480d3fa4312b9306d0c2c265fcb",
                    "passes": 622,
                    "fails": 0
                }
            },
        "name": ""
    },
    "metrics": {
        "http_req_connecting": {
            "med": 0,
            "max": 122.5412,
            "p(90)": 0,
            "p(95)": 0,
            "avg": 0.8435573151125403,
            "min": 0
        },
        "http_reqs": {
            "count": 1244,
            "rate": 35.28476791768669
        },
        "http_req_duration{expected_response:true}": {
            "avg": 65.83233448553057,
            "min": 43.9872,
            "med": 62.75895,
            "max": 217.215,
            "p(90)": 83.56003,
            "p(95)": 92.01554499999995
        },
        "http_req_tls_handshaking": {
            "avg": 1.250543569131833,
            "min": 0,
            "med": 0,
            "max": 220.3179,
            "p(90)": 0,
            "p(95)": 0
        },
        "play_duration": {
            "p(90)": 80.59505999999999,
            "p(95)": 86.07485499999997,
            "avg": 64.42585514469448,
            "min": 44.1423,
            "med": 62.15015,
            "max": 217.215
        },
        "login_duration": {
            "p(90)": 88.59492999999999,
            "p(95)": 99.45546999999998,
            "avg": 67.2388138263666,
            "min": 43.9872,
            "med": 63.41395,
            "max": 175.0776
        },
        "http_req_blocked": {
            "med": 0,
            "max": 322.9667,
            "p(90)": 0,
            "p(95)": 0,
            "avg": 2.1203130225080393,
            "min": 0
        },
        "vus": {
            "value": 2,
            "min": 2,
            "max": 25
        },
        "http_req_sending": {
            "max": 7.0682,
            "p(90)": 0.9303200000000006,
            "p(95)": 1.3160599999999987,
            "avg": 0.5479511254019291,
            "min": 0,
            "med": 0.53345
        },
        "iteration_duration": {
            "max": 1535.721,
            "p(90)": 1168.08007,
            "p(95)": 1194.143345,
            "avg": 1137.8310533762046,
            "min": 1092.4646,
            "med": 1127.9114
        },
        "checks": {
            "passes": 1244,
            "fails": 0,
            "value": 1
        },
        "data_received": {
            "count": 169569,
            "rate": 4809.64856192461
        },
        "http_req_receiving": {
            "avg": 0.6487449356913185,
            "min": 0,
            "med": 0,
            "max": 7.4165,
            "p(90)": 2.1169800000000008,
            "p(95)": 3.3385899999999973
        },
        "vus_max": {
            "min": 25,
            "max": 25,
            "value": 25
        },
        "http_req_failed": {
            "passes": 0,
            "fails": 1244,
            "value": 0
        },
        "data_sent": {
            "count": 135954,
            "rate": 3856.1940011906563
        },
        "iterations": {
            "count": 622,
            "rate": 17.642383958843347
        },
        "http_req_duration": {
            "max": 217.215,
            "p(90)": 83.56003,
            "p(95)": 92.01554499999995,
            "avg": 65.83233448553057,
            "min": 43.9872,
            "med": 62.75895
        },
        "http_req_waiting": {
            "min": 39.4449,
            "med": 61.4322,
            "max": 217.215,
            "p(90)": 82.40043,
            "p(95)": 90.1181,
            "avg": 64.63563842443727
        }
    }
}