{
    "root_group": {
        "name": "",
        "path": "",
        "id": "d41d8cd98f00b204e9800998ecf8427e",
        "groups": {},
        "checks": {
                "Login request returned 200": {
                    "id": "572a92ec029029b4b9c772e6bd54fb50",
                    "passes": 918,
                    "fails": 0,
                    "name": "Login request returned 200",
                    "path": "::Login request returned 200"
                }
            }
    },
    "metrics": {
        "login_duration": {
            "avg": 68.33363867102395,
            "min": 43.4509,
            "med": 65.54794999999999,
            "max": 296.6937,
            "p(90)": 83.48477000000001,
            "p(95)": 90.46686499999998
        },
        "checks": {
            "passes": 918,
            "fails": 0,
            "value": 1
        },
        "http_req_blocked": {
            "p(90)": 0,
            "p(95)": 0,
            "avg": 3.3041844226579515,
            "min": 0,
            "med": 0,
            "max": 214.5995
        },
        "http_req_duration": {
            "p(90)": 83.48477000000001,
            "p(95)": 90.46686499999998,
            "avg": 68.33363867102395,
            "min": 43.4509,
            "med": 65.54794999999999,
            "max": 296.6937
        },
        "http_req_connecting": {
            "avg": 1.3730726579520698,
            "min": 0,
            "med": 0,
            "max": 70.2818,
            "p(90)": 0,
            "p(95)": 0
        },
        "http_req_receiving": {
            "med": 0,
            "max": 9.0592,
            "p(90)": 2.08617,
            "p(95)": 3.1868649999999987,
            "avg": 0.6123846405228758,
            "min": 0
        },
        "vus_max": {
            "value": 35,
            "min": 35,
            "max": 35
        },
        "data_sent": {
            "count": 134164,
            "rate": 3789.58613628817
        },
        "http_req_failed": {
            "passes": 0,
            "fails": 918,
            "value": 0
        },
        "iterations": {
            "count": 918,
            "rate": 25.929758155038165
        },
        "http_req_waiting": {
            "med": 64.39115000000001,
            "max": 296.1792,
            "p(90)": 81.2299,
            "p(95)": 89.39533499999999,
            "avg": 67.10371503267973,
            "min": 39.5688
        },
        "http_req_duration{expected_response:true}": {
            "max": 296.6937,
            "p(90)": 83.48477000000001,
            "p(95)": 90.46686499999998,
            "avg": 68.33363867102395,
            "min": 43.4509,
            "med": 65.54794999999999
        },
        "http_req_sending": {
            "avg": 0.6175389978213505,
            "min": 0,
            "med": 0.5626,
            "max": 8.0809,
            "p(90)": 1.1434000000000002,
            "p(95)": 1.5981649999999992
        },
        "data_received": {
            "count": 185092,
            "rate": 5228.094549490549
        },
        "http_req_tls_handshaking": {
            "med": 0,
            "max": 120.7936,
            "p(90)": 0,
            "p(95)": 0,
            "avg": 1.8630752723311548,
            "min": 0
        },
        "vus": {
            "value": 3,
            "min": 3,
            "max": 35
        },
        "iteration_duration": {
            "p(95)": 1113.88556,
            "avg": 1073.0600472766873,
            "min": 1045.9283,
            "med": 1067.6256,
            "max": 1297.2553,
            "p(90)": 1089.00218
        },
        "http_reqs": {
            "count": 918,
            "rate": 25.929758155038165
        }
    }
}