{
    "metrics": {
        "http_req_sending": {
            "p(95)": 0.20492999999999997,
            "avg": 0.03910505376344087,
            "min": 0,
            "med": 0,
            "max": 1.0005,
            "p(90)": 0.18112
        },
        "vus_max": {
            "value": 35,
            "min": 35,
            "max": 35
        },
        "iterations": {
            "count": 930,
            "rate": 26.48370176334381
        },
        "login_duration": {
            "max": 2689.79,
            "p(90)": 66.85678999999999,
            "p(95)": 75.94919999999999,
            "avg": 58.638394838709644,
            "min": 40.1267,
            "med": 51.79445
        },
        "data_sent": {
            "count": 137447,
            "rate": 3914.0917809315233
        },
        "data_received": {
            "count": 186137,
            "rate": 5300.641715186588
        },
        "iteration_duration": {
            "p(95)": 1095.6725299999998,
            "avg": 1061.3082061290347,
            "min": 1040.1641,
            "med": 1052.6008499999998,
            "max": 3690.1985,
            "p(90)": 1073.724
        },
        "vus": {
            "value": 2,
            "min": 2,
            "max": 35
        },
        "http_req_tls_handshaking": {
            "avg": 1.2018924731182796,
            "min": 0,
            "med": 0,
            "max": 51.496,
            "p(90)": 0,
            "p(95)": 0
        },
        "http_req_failed": {
            "passes": 0,
            "fails": 930,
            "value": 0
        },
        "http_req_connecting": {
            "avg": 0.8031787096774196,
            "min": 0,
            "med": 0,
            "max": 27.6136,
            "p(90)": 0,
            "p(95)": 0
        },
        "http_req_blocked": {
            "avg": 2.070504193548386,
            "min": 0,
            "med": 0,
            "max": 135.8544,
            "p(90)": 0,
            "p(95)": 0
        },
        "http_req_receiving": {
            "max": 1.4938,
            "p(90)": 0,
            "p(95)": 0.43766999999999984,
            "avg": 0.05093763440860212,
            "min": 0,
            "med": 0
        },
        "http_req_duration": {
            "avg": 58.638394838709644,
            "min": 40.1267,
            "med": 51.79445,
            "max": 2689.79,
            "p(90)": 66.85678999999999,
            "p(95)": 75.94919999999999
        },
        "http_req_duration{expected_response:true}": {
            "avg": 58.638394838709644,
            "min": 40.1267,
            "med": 51.79445,
            "max": 2689.79,
            "p(90)": 66.85678999999999,
            "p(95)": 75.94919999999999
        },
        "http_req_waiting": {
            "min": 40.1267,
            "med": 51.720749999999995,
            "max": 2689.79,
            "p(90)": 66.85678999999999,
            "p(95)": 75.6212,
            "avg": 58.54835215053766
        },
        "http_reqs": {
            "rate": 26.48370176334381,
            "count": 930
        },
        "checks": {
            "passes": 930,
            "fails": 0,
            "value": 1
        }
    },
    "root_group": {
        "id": "d41d8cd98f00b204e9800998ecf8427e",
        "groups": {},
        "checks": {
                "Login request returned 200": {
                    "id": "572a92ec029029b4b9c772e6bd54fb50",
                    "passes": 930,
                    "fails": 0,
                    "name": "Login request returned 200",
                    "path": "::Login request returned 200"
                }
            },
        "name": "",
        "path": ""
    }
}