{
    "root_group": {
        "id": "d41d8cd98f00b204e9800998ecf8427e",
        "groups": {},
        "checks": {
                "Login request returned 200": {
                    "id": "572a92ec029029b4b9c772e6bd54fb50",
                    "passes": 1842,
                    "fails": 0,
                    "name": "Login request returned 200",
                    "path": "::Login request returned 200"
                },
                "Play request returned 200": {
                    "fails": 0,
                    "name": "Play request returned 200",
                    "path": "::Play request returned 200",
                    "id": "81a35480d3fa4312b9306d0c2c265fcb",
                    "passes": 1842
                }
            },
        "name": "",
        "path": ""
    },
    "metrics": {
        "vus_max": {
            "value": 35,
            "min": 35,
            "max": 35
        },
        "http_req_sending": {
            "med": 0.5146,
            "max": 17.1475,
            "p(90)": 1.1606500000000002,
            "p(95)": 2.01634,
            "avg": 0.5939191368078184,
            "min": 0
        },
        "http_req_waiting": {
            "min": 35.5598,
            "med": 57.87135,
            "max": 4663.0032,
            "p(90)": 76.10261000000001,
            "p(95)": 87.91741499999998,
            "avg": 74.2572222855593
        },
        "checks": {
            "passes": 3684,
            "fails": 0,
            "value": 1
        },
        "http_req_tls_handshaking": {
            "p(95)": 0,
            "avg": 0.4333623507057546,
            "min": 0,
            "med": 0,
            "max": 84.0658,
            "p(90)": 0
        },
        "iteration_duration": {
            "p(90)": 1156.2846200000001,
            "p(95)": 1191.2020400000001,
            "avg": 1154.6312745385446,
            "min": 1090.7692,
            "med": 1122.31475,
            "max": 5724.5061
        },
        "data_sent": {
            "rate": 3749.332405507956,
            "count": 378881
        },
        "iterations": {
            "count": 1842,
            "rate": 18.22807237878293
        },
        "http_req_blocked": {
            "avg": 0.7387072475570031,
            "min": 0,
            "med": 0,
            "max": 164.7364,
            "p(90)": 0,
            "p(95)": 0
        },
        "play_duration": {
            "min": 39.7397,
            "med": 58.36555,
            "max": 4663.621,
            "p(90)": 76.35686,
            "p(95)": 86.09117499999985,
            "avg": 71.57001731813251
        },
        "data_received": {
            "rate": 3716.468437880411,
            "count": 375560
        },
        "http_req_duration": {
            "p(95)": 88.856765,
            "avg": 75.34223455483169,
            "min": 35.8668,
            "med": 58.77875,
            "max": 4663.621,
            "p(90)": 77.33726
        },
        "http_req_connecting": {
            "max": 57.6365,
            "p(90)": 0,
            "p(95)": 0,
            "avg": 0.2910724212812161,
            "min": 0,
            "med": 0
        },
        "http_reqs": {
            "count": 3684,
            "rate": 36.45614475756586
        },
        "http_req_receiving": {
            "p(95)": 3.2432049999999992,
            "avg": 0.4910931324647123,
            "min": 0,
            "med": 0,
            "max": 8.5471,
            "p(90)": 1.783150000000003
        },
        "http_req_duration{expected_response:true}": {
            "med": 58.77875,
            "max": 4663.621,
            "p(90)": 77.33726,
            "p(95)": 88.856765,
            "avg": 75.34223455483169,
            "min": 35.8668
        },
        "vus": {
            "max": 35,
            "value": 1,
            "min": 1
        },
        "http_req_failed": {
            "fails": 3684,
            "passes": 0,
            "value": 0
        },
        "login_duration": {
            "min": 35.8668,
            "med": 59.338300000000004,
            "max": 4576.8521,
            "p(90)": 78.8676,
            "p(95)": 92.45105999999997,
            "avg": 79.11445179153081
        }
    }
}