{
    "metrics": {
        "vus": {
            "value": 1,
            "min": 1,
            "max": 10
        },
        "data_received": {
            "rate": 1502.3840268840013,
            "count": 53129
        },
        "checks": {
            "passes": 265,
            "fails": 0,
            "value": 1
        },
        "iteration_duration": {
            "avg": 1075.2661683018866,
            "min": 1041.7603,
            "med": 1063.8073,
            "max": 1258.8668,
            "p(90)": 1129.32476,
            "p(95)": 1156.59546
        },
        "http_req_connecting": {
            "avg": 1.335069433962264,
            "min": 0,
            "med": 0,
            "max": 51.4363,
            "p(90)": 0,
            "p(95)": 0
        },
        "http_reqs": {
            "count": 265,
            "rate": 7.4936807981377465
        },
        "http_req_duration": {
            "p(90)": 94.88235999999999,
            "p(95)": 142.70989999999992,
            "avg": 71.54293396226409,
            "min": 41.2022,
            "med": 63.1434,
            "max": 258.6627
        },
        "http_req_waiting": {
            "med": 63.001,
            "max": 258.6627,
            "p(90)": 94.68256,
            "p(95)": 142.70989999999992,
            "avg": 71.2703067924528,
            "min": 40.8243
        },
        "http_req_duration{expected_response:true}": {
            "max": 258.6627,
            "p(90)": 94.88235999999999,
            "p(95)": 142.70989999999992,
            "avg": 71.54293396226409,
            "min": 41.2022,
            "med": 63.1434
        },
        "vus_max": {
            "value": 10,
            "min": 10,
            "max": 10
        },
        "iterations": {
            "count": 265,
            "rate": 7.4936807981377465
        },
        "http_req_blocked": {
            "avg": 3.2560969811320755,
            "min": 0,
            "med": 0,
            "max": 114.8943,
            "p(90)": 0,
            "p(95)": 0
        },
        "http_req_sending": {
            "avg": 0.12012754716981132,
            "min": 0,
            "med": 0,
            "max": 1.1345,
            "p(90)": 0.46035999999999994,
            "p(95)": 0.5188799999999999
        },
        "data_sent": {
            "count": 39234,
            "rate": 1109.4606506948542
        },
        "login_duration": {
            "avg": 71.54293396226409,
            "min": 41.2022,
            "med": 63.1434,
            "max": 258.6627,
            "p(90)": 94.88235999999999,
            "p(95)": 142.70989999999992
        },
        "http_req_receiving": {
            "min": 0,
            "med": 0,
            "max": 1.6243,
            "p(90)": 0.68402,
            "p(95)": 0.87112,
            "avg": 0.15249962264150946
        },
        "http_req_failed": {
            "passes": 0,
            "fails": 265,
            "value": 0
        },
        "http_req_tls_handshaking": {
            "avg": 1.8164301886792453,
            "min": 0,
            "med": 0,
            "max": 60.8938,
            "p(90)": 0,
            "p(95)": 0
        }
    },
    "root_group": {
        "path": "",
        "id": "d41d8cd98f00b204e9800998ecf8427e",
        "groups": {},
        "checks": {
                "Login request returned 200": {
                    "id": "572a92ec029029b4b9c772e6bd54fb50",
                    "passes": 265,
                    "fails": 0,
                    "name": "Login request returned 200",
                    "path": "::Login request returned 200"
                }
            },
        "name": ""
    }
}