{
    "root_group": {
        "path": "",
        "id": "d41d8cd98f00b204e9800998ecf8427e",
        "groups": {},
        "checks": {
                "Login request returned 200": {
                    "path": "::Login request returned 200",
                    "id": "572a92ec029029b4b9c772e6bd54fb50",
                    "passes": 1997,
                    "fails": 0,
                    "name": "Login request returned 200"
                }
            },
        "name": ""
    },
    "metrics": {
        "http_req_sending": {
            "avg": 0.04145373059589385,
            "min": 0,
            "med": 0,
            "max": 1.0331,
            "p(90)": 0.18194000000000005,
            "p(95)": 0.20215999999999987
        },
        "data_sent": {
            "count": 270282,
            "rate": 2674.987286927007
        },
        "vus_max": {
            "value": 35,
            "min": 35,
            "max": 35
        },
        "iterations": {
            "count": 1997,
            "rate": 19.76435579133362
        },
        "http_req_duration{expected_response:true}": {
            "p(95)": 76.06782,
            "avg": 62.83415353029553,
            "min": 39.8901,
            "med": 51.2502,
            "max": 4940.8552,
            "p(90)": 66.98372
        },
        "iteration_duration": {
            "max": 5941.0983,
            "p(90)": 1068.99182,
            "p(95)": 1082.89116,
            "avg": 1064.3533592388576,
            "min": 1040.2724,
            "med": 1051.8458
        },
        "checks": {
            "passes": 1997,
            "fails": 0,
            "value": 1
        },
        "http_req_failed": {
            "passes": 0,
            "fails": 1997,
            "value": 0
        },
        "login_duration": {
            "min": 39.8901,
            "med": 51.2502,
            "max": 4940.8552,
            "p(90)": 66.98372,
            "p(95)": 76.06782,
            "avg": 62.83415353029553
        },
        "http_req_connecting": {
            "min": 0,
            "med": 0,
            "max": 27.1779,
            "p(90)": 0,
            "p(95)": 0,
            "avg": 0.378439509263896
        },
        "vus": {
            "min": 1,
            "max": 35,
            "value": 1
        },
        "http_req_duration": {
            "avg": 62.83415353029553,
            "min": 39.8901,
            "med": 51.2502,
            "max": 4940.8552,
            "p(90)": 66.98372,
            "p(95)": 76.06782
        },
        "http_req_blocked": {
            "med": 0,
            "max": 88.1637,
            "p(90)": 0,
            "p(95)": 0,
            "avg": 0.9563908863294943,
            "min": 0
        },
        "http_req_receiving": {
            "avg": 0.04111301952929393,
            "min": 0,
            "med": 0,
            "max": 1.2647,
            "p(90)": 0,
            "p(95)": 0.23083999999999932
        },
        "http_req_tls_handshaking": {
            "p(95)": 0,
            "avg": 0.5685097145718578,
            "min": 0,
            "med": 0,
            "max": 49.9712,
            "p(90)": 0
        },
        "http_req_waiting": {
            "min": 39.6845,
            "med": 51.1986,
            "max": 4940.8552,
            "p(90)": 66.79332,
            "p(95)": 75.71279999999992,
            "avg": 62.751586780170356
        },
        "data_received": {
            "count": 271483,
            "rate": 2686.8736120674134
        },
        "http_reqs": {
            "count": 1997,
            "rate": 19.76435579133362
        }
    }
}