{
    "metrics": {
        "login_duration": {
            "max": 2139.7156,
            "p(90)": 79.28170999999999,
            "p(95)": 90.56070999999997,
            "avg": 70.95818019877672,
            "min": 42.7688,
            "med": 59.657399999999996
        },
        "iteration_duration": {
            "max": 3140.3235,
            "p(90)": 1085.85107,
            "p(95)": 1114.8320800000001,
            "avg": 1074.8355845565752,
            "min": 1043.4723,
            "med": 1060.9335
        },
        "http_reqs": {
            "count": 1308,
            "rate": 37.178388182484355
        },
        "iterations": {
            "count": 1308,
            "rate": 37.178388182484355
        },
        "http_req_blocked": {
            "p(90)": 0,
            "p(95)": 0,
            "avg": 2.740822859327216,
            "min": 0,
            "med": 0,
            "max": 156.1368
        },
        "http_req_sending": {
            "p(90)": 0.57495,
            "p(95)": 0.9979399999999998,
            "avg": 0.26503700305810424,
            "min": 0,
            "med": 0,
            "max": 8.1974
        },
        "vus_max": {
            "value": 50,
            "min": 50,
            "max": 50
        },
        "data_received": {
            "count": 264161,
            "rate": 7508.471101432148
        },
        "checks": {
            "passes": 1308,
            "fails": 0,
            "value": 1
        },
        "http_req_connecting": {
            "avg": 1.1510850152905197,
            "min": 0,
            "med": 0,
            "max": 59.8916,
            "p(90)": 0,
            "p(95)": 0
        },
        "http_req_duration": {
            "p(90)": 79.28170999999999,
            "p(95)": 90.56070999999997,
            "avg": 70.95818019877672,
            "min": 42.7688,
            "med": 59.657399999999996,
            "max": 2139.7156
        },
        "http_req_waiting": {
            "p(95)": 90.38657499999998,
            "avg": 70.56620703363916,
            "min": 42.7688,
            "med": 59.30115,
            "max": 2139.7156,
            "p(90)": 78.83098999999999
        },
        "http_req_receiving": {
            "med": 0,
            "max": 2.0025,
            "p(90)": 0.5933299999999999,
            "p(95)": 0.8762699999999976,
            "avg": 0.12693616207951078,
            "min": 0
        },
        "vus": {
            "max": 50,
            "value": 3,
            "min": 3
        },
        "http_req_failed": {
            "passes": 0,
            "fails": 1308,
            "value": 0
        },
        "http_req_tls_handshaking": {
            "avg": 1.5355229357798168,
            "min": 0,
            "med": 0,
            "max": 66.6511,
            "p(90)": 0,
            "p(95)": 0
        },
        "http_req_duration{expected_response:true}": {
            "avg": 70.95818019877672,
            "min": 42.7688,
            "med": 59.657399999999996,
            "max": 2139.7156,
            "p(90)": 79.28170999999999,
            "p(95)": 90.56070999999997
        },
        "data_sent": {
            "count": 191806,
            "rate": 5451.863856062381
        }
    },
    "root_group": {
        "name": "",
        "path": "",
        "id": "d41d8cd98f00b204e9800998ecf8427e",
        "groups": {},
        "checks": {
                "Login request returned 200": {
                    "path": "::Login request returned 200",
                    "id": "572a92ec029029b4b9c772e6bd54fb50",
                    "passes": 1308,
                    "fails": 0,
                    "name": "Login request returned 200"
                }
            }
    }
}