{
    "root_group": {
        "path": "",
        "id": "d41d8cd98f00b204e9800998ecf8427e",
        "groups": {},
        "checks": {
                "Login request returned 200": {
                    "fails": 0,
                    "name": "Login request returned 200",
                    "path": "::Login request returned 200",
                    "id": "572a92ec029029b4b9c772e6bd54fb50",
                    "passes": 902
                }
            },
        "name": ""
    },
    "metrics": {
        "http_req_duration{expected_response:true}": {
            "max": 4891.0912,
            "p(90)": 78.98145,
            "p(95)": 89.03772,
            "avg": 98.40091840354769,
            "min": 41.1901,
            "med": 58.9056
        },
        "vus_max": {
            "value": 35,
            "min": 35,
            "max": 35
        },
        "iterations": {
            "count": 902,
            "rate": 25.5176672545245
        },
        "http_reqs": {
            "count": 902,
            "rate": 25.5176672545245
        },
        "vus": {
            "min": 2,
            "max": 35,
            "value": 2
        },
        "data_sent": {
            "count": 132363,
            "rate": 3744.5620740694308
        },
        "http_req_connecting": {
            "avg": 1.3330839246119737,
            "min": 0,
            "med": 0,
            "max": 120.9062,
            "p(90)": 0,
            "p(95)": 0
        },
        "http_req_failed": {
            "passes": 0,
            "fails": 902,
            "value": 0
        },
        "login_duration": {
            "min": 41.1901,
            "med": 58.9056,
            "max": 4891.0912,
            "p(90)": 78.98145,
            "p(95)": 89.03772,
            "avg": 98.40091840354769
        },
        "data_received": {
            "count": 183794,
            "rate": 5199.550039221814
        },
        "http_req_tls_handshaking": {
            "med": 0,
            "max": 73.3982,
            "p(90)": 0,
            "p(95)": 0,
            "avg": 1.655431929046563,
            "min": 0
        },
        "http_req_sending": {
            "med": 0.514,
            "max": 18.5206,
            "p(90)": 1.132,
            "p(95)": 1.7642349999999996,
            "avg": 0.5901862527716183,
            "min": 0
        },
        "http_req_waiting": {
            "avg": 97.55437128603111,
            "min": 40.7286,
            "med": 58.04385,
            "max": 4891.0912,
            "p(90)": 78.21044,
            "p(95)": 87.03682999999995
        },
        "http_req_receiving": {
            "p(95)": 1.778754999999999,
            "avg": 0.256360864745011,
            "min": 0,
            "med": 0,
            "max": 7.7918,
            "p(90)": 0.8176999999999999
        },
        "http_req_duration": {
            "avg": 98.40091840354769,
            "min": 41.1901,
            "med": 58.9056,
            "max": 4891.0912,
            "p(90)": 78.98145,
            "p(95)": 89.03772
        },
        "checks": {
            "fails": 0,
            "passes": 902,
            "value": 1
        },
        "iteration_duration": {
            "avg": 1103.4110950110864,
            "min": 1042.5471,
            "med": 1060.99165,
            "max": 5891.6003,
            "p(90)": 1086.18292,
            "p(95)": 1128.2145150000001
        },
        "http_req_blocked": {
            "min": 0,
            "med": 0,
            "max": 152.7641,
            "p(90)": 0,
            "p(95)": 0,
            "avg": 3.0333454545454552
        }
    }
}