{
    "root_group": {
        "name": "",
        "path": "",
        "id": "d41d8cd98f00b204e9800998ecf8427e",
        "groups": {},
        "checks": {
                "Login request returned 200": {
                    "name": "Login request returned 200",
                    "path": "::Login request returned 200",
                    "id": "572a92ec029029b4b9c772e6bd54fb50",
                    "passes": 1322,
                    "fails": 0
                }
            }
    },
    "metrics": {
        "vus": {
            "value": 1,
            "min": 1,
            "max": 50
        },
        "http_req_blocked": {
            "avg": 2.025884190620273,
            "min": 0,
            "med": 0,
            "max": 133.3445,
            "p(90)": 0,
            "p(95)": 0
        },
        "http_req_failed": {
            "fails": 1322,
            "passes": 0,
            "value": 0
        },
        "iterations": {
            "count": 1322,
            "rate": 36.68921863942412
        },
        "http_req_duration{expected_response:true}": {
            "avg": 62.559371558245026,
            "min": 40.0229,
            "med": 50.83735,
            "max": 4157.3509,
            "p(90)": 65.27118,
            "p(95)": 75.86163000000002
        },
        "data_received": {
            "rate": 7359.435416312564,
            "count": 265178
        },
        "vus_max": {
            "value": 50,
            "min": 50,
            "max": 50
        },
        "iteration_duration": {
            "med": 1051.7436,
            "max": 5157.7859,
            "p(90)": 1070.07106,
            "p(95)": 1097.4091950000002,
            "avg": 1065.1770024205728,
            "min": 1040.1862
        },
        "http_req_sending": {
            "avg": 0.019614826021180032,
            "min": 0,
            "med": 0,
            "max": 0.5341,
            "p(90)": 0.10886000000000004,
            "p(95)": 0.13939000000000001
        },
        "http_req_waiting": {
            "p(90)": 65.27118,
            "p(95)": 75.85916000000002,
            "avg": 62.500489258698884,
            "min": 40.0229,
            "med": 50.7786,
            "max": 4157.3509
        },
        "http_req_tls_handshaking": {
            "avg": 1.2101677004538578,
            "min": 0,
            "med": 0,
            "max": 50.6256,
            "p(90)": 0,
            "p(95)": 0
        },
        "http_reqs": {
            "rate": 36.68921863942412,
            "count": 1322
        },
        "http_req_duration": {
            "avg": 62.559371558245026,
            "min": 40.0229,
            "med": 50.83735,
            "max": 4157.3509,
            "p(90)": 65.27118,
            "p(95)": 75.86163000000002
        },
        "data_sent": {
            "count": 193208,
            "rate": 5362.0654726821895
        },
        "http_req_connecting": {
            "avg": 0.7716624810892587,
            "min": 0,
            "med": 0,
            "max": 27.5777,
            "p(90)": 0,
            "p(95)": 0
        },
        "login_duration": {
            "max": 4157.3509,
            "p(90)": 65.27118,
            "p(95)": 75.86163000000002,
            "avg": 62.559371558245026,
            "min": 40.0229,
            "med": 50.83735
        },
        "http_req_receiving": {
            "avg": 0.039267473524962175,
            "min": 0,
            "med": 0,
            "max": 1.2681,
            "p(90)": 0,
            "p(95)": 0.3435450000000003
        },
        "checks": {
            "passes": 1322,
            "fails": 0,
            "value": 1
        }
    }
}