{
    "root_group": {
        "id": "d41d8cd98f00b204e9800998ecf8427e",
        "groups": {},
        "checks": {
                "Login request returned 200": {
                    "passes": 634,
                    "fails": 0,
                    "name": "Login request returned 200",
                    "path": "::Login request returned 200",
                    "id": "572a92ec029029b4b9c772e6bd54fb50"
                }
            },
        "name": "",
        "path": ""
    },
    "metrics": {
        "http_req_duration": {
            "avg": 105.15614968454257,
            "min": 42.9471,
            "med": 60.4649,
            "max": 3734.8677,
            "p(90)": 79.60686000000003,
            "p(95)": 94.52578500000003
        },
        "data_received": {
            "rate": 3673.4529604721415,
            "count": 130557
        },
        "http_reqs": {
            "count": 634,
            "rate": 17.83871548013004
        },
        "login_duration": {
            "p(95)": 94.52578500000003,
            "avg": 105.15614968454257,
            "min": 42.9471,
            "med": 60.4649,
            "max": 3734.8677,
            "p(90)": 79.60686000000003
        },
        "http_req_tls_handshaking": {
            "max": 83.4992,
            "p(90)": 0,
            "p(95)": 0,
            "avg": 1.9106195583596213,
            "min": 0,
            "med": 0
        },
        "http_req_duration{expected_response:true}": {
            "avg": 105.15614968454257,
            "min": 42.9471,
            "med": 60.4649,
            "max": 3734.8677,
            "p(90)": 79.60686000000003,
            "p(95)": 94.52578500000003
        },
        "http_req_receiving": {
            "max": 8.1866,
            "p(90)": 2.1291700000000002,
            "p(95)": 3.47668,
            "avg": 0.7084375394321766,
            "min": 0,
            "med": 0
        },
        "http_req_connecting": {
            "p(95)": 0,
            "avg": 2.0987309148264988,
            "min": 0,
            "med": 0,
            "max": 296.2584,
            "p(90)": 0
        },
        "vus": {
            "value": 2,
            "min": 2,
            "max": 25
        },
        "http_req_sending": {
            "med": 0.5461,
            "max": 5.1889,
            "p(90)": 1.1218900000000003,
            "p(95)": 1.8240750000000001,
            "avg": 0.6117970031545743,
            "min": 0
        },
        "checks": {
            "fails": 0,
            "passes": 634,
            "value": 1
        },
        "data_sent": {
            "count": 93280,
            "rate": 2624.5983911459466
        },
        "http_req_blocked": {
            "avg": 4.0715506309148255,
            "min": 0,
            "med": 0,
            "max": 379.7576,
            "p(90)": 0,
            "p(95)": 0
        },
        "http_req_waiting": {
            "p(90)": 78.69342,
            "p(95)": 94.38596000000001,
            "avg": 103.83591514195578,
            "min": 41.7762,
            "med": 59.0459,
            "max": 3734.8677
        },
        "vus_max": {
            "max": 25,
            "value": 25,
            "min": 25
        },
        "iteration_duration": {
            "avg": 1110.8425858044163,
            "min": 1043.0535,
            "med": 1062.6599999999999,
            "max": 4735.9817,
            "p(90)": 1088.21177,
            "p(95)": 1128.2844350000003
        },
        "iterations": {
            "count": 634,
            "rate": 17.83871548013004
        },
        "http_req_failed": {
            "passes": 0,
            "fails": 634,
            "value": 0
        }
    }
}