{
    "root_group": {
        "path": "",
        "id": "d41d8cd98f00b204e9800998ecf8427e",
        "groups": {},
        "checks": {
                "Login request returned 200": {
                    "fails": 0,
                    "name": "Login request returned 200",
                    "path": "::Login request returned 200",
                    "id": "572a92ec029029b4b9c772e6bd54fb50",
                    "passes": 628
                },
                "Play request returned 200": {
                    "fails": 0,
                    "name": "Play request returned 200",
                    "path": "::Play request returned 200",
                    "id": "81a35480d3fa4312b9306d0c2c265fcb",
                    "passes": 628
                }
            },
        "name": ""
    },
    "metrics": {
        "play_duration": {
            "avg": 61.73649076433124,
            "min": 39.7616,
            "med": 59.512649999999994,
            "max": 153.5896,
            "p(90)": 74.95354000000003,
            "p(95)": 82.79705499999999
        },
        "iterations": {
            "count": 628,
            "rate": 17.392068760795635
        },
        "vus": {
            "max": 25,
            "value": 1,
            "min": 1
        },
        "http_reqs": {
            "count": 1256,
            "rate": 34.78413752159127
        },
        "http_req_duration{expected_response:true}": {
            "p(90)": 75.6497,
            "p(95)": 83.9827,
            "avg": 61.752176990445754,
            "min": 39.7616,
            "med": 58.92845,
            "max": 157.615
        },
        "http_req_blocked": {
            "max": 146.2725,
            "p(90)": 0,
            "p(95)": 0,
            "avg": 1.5305003184713377,
            "min": 0,
            "med": 0
        },
        "http_req_tls_handshaking": {
            "avg": 0.9068007961783442,
            "min": 0,
            "med": 0,
            "max": 74.9465,
            "p(90)": 0,
            "p(95)": 0
        },
        "http_req_failed": {
            "passes": 0,
            "fails": 1256,
            "value": 0
        },
        "http_req_connecting": {
            "min": 0,
            "med": 0,
            "max": 43.0583,
            "p(90)": 0,
            "p(95)": 0,
            "avg": 0.5839052547770699
        },
        "http_req_sending": {
            "p(95)": 1.5196,
            "avg": 0.5587642515923561,
            "min": 0,
            "med": 0.52135,
            "max": 6.4104,
            "p(90)": 1.04245
        },
        "http_req_receiving": {
            "min": 0,
            "med": 0,
            "max": 9.2449,
            "p(90)": 1.6966999999999999,
            "p(95)": 2.950675,
            "avg": 0.5425552547770702
        },
        "data_received": {
            "count": 170922,
            "rate": 4733.578306899221
        },
        "http_req_waiting": {
            "max": 157.1706,
            "p(90)": 74.5994,
            "p(95)": 83.22355,
            "avg": 60.650857484076354,
            "min": 39.7616,
            "med": 57.7327
        },
        "login_duration": {
            "max": 157.615,
            "p(90)": 76.26686000000001,
            "p(95)": 85.97768499999998,
            "avg": 61.76786321656047,
            "min": 42.1217,
            "med": 58.4481
        },
        "checks": {
            "passes": 1256,
            "fails": 0,
            "value": 1
        },
        "http_req_duration": {
            "p(90)": 75.6497,
            "p(95)": 83.9827,
            "avg": 61.752176990445754,
            "min": 39.7616,
            "med": 58.92845,
            "max": 157.615
        },
        "data_sent": {
            "count": 137156,
            "rate": 3798.4499728593723
        },
        "vus_max": {
            "value": 25,
            "min": 25,
            "max": 25
        },
        "iteration_duration": {
            "avg": 1128.4217635350315,
            "min": 1094.467,
            "med": 1121.6754,
            "max": 1264.2802,
            "p(90)": 1154.05763,
            "p(95)": 1176.38497
        }
    }
}