{
    "metrics": {
        "data_received": {
            "count": 265014,
            "rate": 7399.155783613969
        },
        "http_req_receiving": {
            "avg": 0.05004666160849772,
            "min": 0,
            "med": 0,
            "max": 1.4118,
            "p(90)": 0.03863,
            "p(95)": 0.372515
        },
        "vus": {
            "value": 4,
            "min": 4,
            "max": 50
        },
        "http_req_duration{expected_response:true}": {
            "min": 40.4771,
            "med": 51.3198,
            "max": 2782.629,
            "p(90)": 65.31626999999997,
            "p(95)": 75.21405499999995,
            "avg": 66.99623839150229
        },
        "http_req_tls_handshaking": {
            "med": 0,
            "max": 47.7705,
            "p(90)": 0,
            "p(95)": 0,
            "avg": 1.2044916540212443,
            "min": 0
        },
        "http_req_connecting": {
            "p(95)": 0,
            "avg": 0.776168588770865,
            "min": 0,
            "med": 0,
            "max": 27.4678,
            "p(90)": 0
        },
        "http_req_duration": {
            "p(95)": 75.21405499999995,
            "avg": 66.99623839150229,
            "min": 40.4771,
            "med": 51.3198,
            "max": 2782.629,
            "p(90)": 65.31626999999997
        },
        "http_req_waiting": {
            "avg": 66.91716183611531,
            "min": 40.4771,
            "med": 51.21895,
            "max": 2782.629,
            "p(90)": 65.28071999999999,
            "p(95)": 75.19308499999997
        },
        "vus_max": {
            "value": 50,
            "min": 50,
            "max": 50
        },
        "data_sent": {
            "count": 193739,
            "rate": 5409.167222718749
        },
        "http_reqs": {
            "count": 1318,
            "rate": 36.79838545436547
        },
        "http_req_sending": {
            "med": 0,
            "max": 1.0008,
            "p(90)": 0.13097999999999996,
            "p(95)": 0.16884499999999997,
            "avg": 0.02902989377845217,
            "min": 0
        },
        "iteration_duration": {
            "p(90)": 1070.6799700000001,
            "p(95)": 1100.416055,
            "avg": 1069.5940701062214,
            "min": 1041.0949,
            "med": 1051.82485,
            "max": 3782.7957
        },
        "http_req_failed": {
            "passes": 0,
            "fails": 1318,
            "value": 0
        },
        "iterations": {
            "count": 1318,
            "rate": 36.79838545436547
        },
        "login_duration": {
            "p(90)": 65.31626999999997,
            "p(95)": 75.21405499999995,
            "avg": 66.99623839150229,
            "min": 40.4771,
            "med": 51.3198,
            "max": 2782.629
        },
        "checks": {
            "fails": 0,
            "passes": 1318,
            "value": 1
        },
        "http_req_blocked": {
            "avg": 2.0271901365705616,
            "min": 0,
            "med": 0,
            "max": 125.4654,
            "p(90)": 0,
            "p(95)": 0
        }
    },
    "root_group": {
        "id": "d41d8cd98f00b204e9800998ecf8427e",
        "groups": {},
        "checks": {
                "Login request returned 200": {
                    "fails": 0,
                    "name": "Login request returned 200",
                    "path": "::Login request returned 200",
                    "id": "572a92ec029029b4b9c772e6bd54fb50",
                    "passes": 1318
                }
            },
        "name": "",
        "path": ""
    }
}