{
    "root_group": {
        "groups": {},
        "checks": {
                "Login request returned 200": {
                    "name": "Login request returned 200",
                    "path": "::Login request returned 200",
                    "id": "572a92ec029029b4b9c772e6bd54fb50",
                    "passes": 1229,
                    "fails": 0
                },
                "Play request returned 200": {
                    "fails": 0,
                    "name": "Play request returned 200",
                    "path": "::Play request returned 200",
                    "id": "81a35480d3fa4312b9306d0c2c265fcb",
                    "passes": 1229
                }
            },
        "name": "",
        "path": "",
        "id": "d41d8cd98f00b204e9800998ecf8427e"
    },
    "metrics": {
        "http_req_blocked": {
            "avg": 1.3480480878763224,
            "min": 0,
            "med": 0,
            "max": 100.3993,
            "p(90)": 0,
            "p(95)": 0
        },
        "http_req_sending": {
            "max": 2.7695,
            "p(90)": 0.6816000000000002,
            "p(95)": 0.8736050000000002,
            "avg": 0.2963176566314077,
            "min": 0,
            "med": 0
        },
        "checks": {
            "passes": 2458,
            "fails": 0,
            "value": 1
        },
        "vus_max": {
            "value": 50,
            "min": 50,
            "max": 50
        },
        "vus": {
            "value": 4,
            "min": 4,
            "max": 50
        },
        "http_req_duration{expected_response:true}": {
            "p(95)": 87.63119,
            "avg": 72.42731379170058,
            "min": 44.0864,
            "med": 61.10805,
            "max": 4058.9855,
            "p(90)": 78.45623
        },
        "play_duration": {
            "med": 60.8838,
            "max": 3892.0422,
            "p(90)": 77.85474,
            "p(95)": 86.64301999999998,
            "avg": 69.24222538649306,
            "min": 44.0864
        },
        "http_reqs": {
            "count": 2458,
            "rate": 68.76678026241213
        },
        "data_sent": {
            "count": 268727,
            "rate": 7518.100309022468
        },
        "http_req_tls_handshaking": {
            "p(95)": 0,
            "avg": 0.7845355980471926,
            "min": 0,
            "med": 0,
            "max": 60.753,
            "p(90)": 0
        },
        "http_req_connecting": {
            "p(95)": 0,
            "avg": 0.5531696094385679,
            "min": 0,
            "med": 0,
            "max": 44.9449,
            "p(90)": 0
        },
        "http_req_waiting": {
            "p(90)": 77.87718,
            "p(95)": 87.07394000000001,
            "avg": 71.98845964198524,
            "min": 43.5656,
            "med": 60.682599999999994,
            "max": 4058.1671
        },
        "http_req_receiving": {
            "avg": 0.14253649308380792,
            "min": 0,
            "med": 0,
            "max": 2.25,
            "p(90)": 0.64203,
            "p(95)": 0.8534600000000001
        },
        "http_req_failed": {
            "passes": 0,
            "fails": 2458,
            "value": 0
        },
        "iteration_duration": {
            "avg": 1148.4096915378343,
            "min": 1093.3996,
            "med": 1125.8388,
            "max": 5123.0985,
            "p(90)": 1164.48658,
            "p(95)": 1184.85312
        },
        "iterations": {
            "count": 1229,
            "rate": 34.38339013120606
        },
        "http_req_duration": {
            "min": 44.0864,
            "med": 61.10805,
            "max": 4058.9855,
            "p(90)": 78.45623,
            "p(95)": 87.63119,
            "avg": 72.42731379170058
        },
        "login_duration": {
            "med": 61.542,
            "max": 4058.9855,
            "p(90)": 78.697,
            "p(95)": 89.78081999999999,
            "avg": 75.61240219690806,
            "min": 44.738
        },
        "data_received": {
            "count": 335637,
            "rate": 9390.022712341424
        }
    }
}