{
    "root_group": {
        "name": "",
        "path": "",
        "id": "d41d8cd98f00b204e9800998ecf8427e",
        "groups": {},
        "checks": {
                "Login request returned 200": {
                    "passes": 322,
                    "fails": 0,
                    "name": "Login request returned 200",
                    "path": "::Login request returned 200",
                    "id": "572a92ec029029b4b9c772e6bd54fb50"
                }
            }
    },
    "metrics": {
        "http_reqs": {
            "rate": 6.410735313829136,
            "count": 322
        },
        "data_received": {
            "count": 57766,
            "rate": 1150.0699880082418
        },
        "iterations": {
            "rate": 6.410735313829136,
            "count": 322
        },
        "http_req_failed": {
            "passes": 0,
            "fails": 322,
            "value": 0
        },
        "http_req_tls_handshaking": {
            "p(90)": 0,
            "p(95)": 0,
            "avg": 1.1160776397515528,
            "min": 0,
            "med": 0,
            "max": 46.6725
        },
        "data_sent": {
            "count": 46315,
            "rate": 922.0907020496783
        },
        "http_req_duration{expected_response:true}": {
            "max": 4020.2956,
            "p(90)": 73.55407000000004,
            "p(95)": 79.3565,
            "avg": 110.73142795031055,
            "min": 42.3064,
            "med": 56.366
        },
        "iteration_duration": {
            "med": 1057.47755,
            "max": 5021.145,
            "p(90)": 1077.44832,
            "p(95)": 1107.4727099999998,
            "avg": 1113.5038860248446,
            "min": 1042.5965
        },
        "http_req_waiting": {
            "avg": 110.09018447204964,
            "min": 42.3064,
            "med": 55.8337,
            "max": 4019.8123,
            "p(90)": 72.18132,
            "p(95)": 78.742775
        },
        "http_req_sending": {
            "med": 0.49160000000000004,
            "max": 1.6487,
            "p(90)": 1.03235,
            "p(95)": 1.2481649999999995,
            "avg": 0.4994962732919254,
            "min": 0
        },
        "checks": {
            "passes": 322,
            "fails": 0,
            "value": 1
        },
        "http_req_duration": {
            "med": 56.366,
            "max": 4020.2956,
            "p(90)": 73.55407000000004,
            "p(95)": 79.3565,
            "avg": 110.73142795031055,
            "min": 42.3064
        },
        "http_req_blocked": {
            "avg": 1.9426046583850933,
            "min": 0,
            "med": 0,
            "max": 91.1254,
            "p(90)": 0,
            "p(95)": 0
        },
        "login_duration": {
            "p(90)": 73.55407000000004,
            "p(95)": 79.3565,
            "avg": 110.73142795031055,
            "min": 42.3064,
            "med": 56.366,
            "max": 4020.2956
        },
        "vus_max": {
            "max": 10,
            "value": 10,
            "min": 10
        },
        "http_req_receiving": {
            "min": 0,
            "med": 0,
            "max": 1.5275,
            "p(90)": 0.6393900000000006,
            "p(95)": 0.8561399999999999,
            "avg": 0.14174720496894413
        },
        "http_req_connecting": {
            "p(95)": 0,
            "avg": 0.766770807453416,
            "min": 0,
            "med": 0,
            "max": 30.8255,
            "p(90)": 0
        },
        "vus": {
            "value": 1,
            "min": 1,
            "max": 10
        }
    }
}