{
    "metrics": {
        "http_reqs": {
            "count": 1324,
            "rate": 36.85561458349055
        },
        "data_received": {
            "count": 265445,
            "rate": 7389.077502352455
        },
        "vus": {
            "value": 3,
            "min": 3,
            "max": 50
        },
        "iteration_duration": {
            "min": 1039.8658,
            "med": 1051.59075,
            "max": 4923.8828,
            "p(90)": 1069.54469,
            "p(95)": 1096.1445199999998,
            "avg": 1063.3201921450157
        },
        "http_req_duration": {
            "p(95)": 72.58895999999999,
            "avg": 60.731054607250734,
            "min": 39.4039,
            "med": 50.953050000000005,
            "max": 3923.8222,
            "p(90)": 65.17436
        },
        "http_req_blocked": {
            "p(90)": 0,
            "p(95)": 0,
            "avg": 2.0029675226586106,
            "min": 0,
            "med": 0,
            "max": 120.5326
        },
        "http_req_failed": {
            "fails": 1324,
            "passes": 0,
            "value": 0
        },
        "login_duration": {
            "avg": 60.731054607250734,
            "min": 39.4039,
            "med": 50.953050000000005,
            "max": 3923.8222,
            "p(90)": 65.17436,
            "p(95)": 72.58895999999999
        },
        "http_req_receiving": {
            "max": 1.1934,
            "p(90)": 0,
            "p(95)": 0.3291149999999995,
            "avg": 0.04658995468277943,
            "min": 0,
            "med": 0
        },
        "http_req_tls_handshaking": {
            "min": 0,
            "med": 0,
            "max": 45.3459,
            "p(90)": 0,
            "p(95)": 0,
            "avg": 1.1604980362537762
        },
        "http_req_waiting": {
            "p(90)": 65.15297,
            "p(95)": 72.58895999999999,
            "avg": 60.65313308157094,
            "min": 39.4039,
            "med": 50.85625,
            "max": 3923.8222
        },
        "data_sent": {
            "rate": 5379.917612781006,
            "count": 193268
        },
        "http_req_connecting": {
            "med": 0,
            "max": 28.5046,
            "p(90)": 0,
            "p(95)": 0,
            "avg": 0.8011171450151058,
            "min": 0
        },
        "iterations": {
            "count": 1324,
            "rate": 36.85561458349055
        },
        "http_req_duration{expected_response:true}": {
            "p(90)": 65.17436,
            "p(95)": 72.58895999999999,
            "avg": 60.731054607250734,
            "min": 39.4039,
            "med": 50.953050000000005,
            "max": 3923.8222
        },
        "http_req_sending": {
            "avg": 0.03133157099697886,
            "min": 0,
            "med": 0,
            "max": 1.0043,
            "p(90)": 0.13397000000000006,
            "p(95)": 0.1688
        },
        "vus_max": {
            "value": 50,
            "min": 50,
            "max": 50
        },
        "checks": {
            "passes": 1324,
            "fails": 0,
            "value": 1
        }
    },
    "root_group": {
        "name": "",
        "path": "",
        "id": "d41d8cd98f00b204e9800998ecf8427e",
        "groups": {},
        "checks": {
                "Login request returned 200": {
                    "name": "Login request returned 200",
                    "path": "::Login request returned 200",
                    "id": "572a92ec029029b4b9c772e6bd54fb50",
                    "passes": 1324,
                    "fails": 0
                }
            }
    }
}