{
    "root_group": {
        "id": "d41d8cd98f00b204e9800998ecf8427e",
        "groups": {},
        "checks": {
                "Login request returned 200": {
                    "passes": 864,
                    "fails": 0,
                    "name": "Login request returned 200",
                    "path": "::Login request returned 200",
                    "id": "572a92ec029029b4b9c772e6bd54fb50"
                },
                "Play request returned 200": {
                    "name": "Play request returned 200",
                    "path": "::Play request returned 200",
                    "id": "81a35480d3fa4312b9306d0c2c265fcb",
                    "passes": 864,
                    "fails": 0
                }
            },
        "name": "",
        "path": ""
    },
    "metrics": {
        "vus": {
            "value": 3,
            "min": 3,
            "max": 35
        },
        "http_req_connecting": {
            "avg": 0.6559531828703703,
            "min": 0,
            "med": 0,
            "max": 71.6203,
            "p(90)": 0,
            "p(95)": 0
        },
        "vus_max": {
            "value": 35,
            "min": 35,
            "max": 35
        },
        "iterations": {
            "count": 864,
            "rate": 24.21492576185818
        },
        "http_reqs": {
            "count": 1728,
            "rate": 48.42985152371636
        },
        "http_req_tls_handshaking": {
            "avg": 0.9052577546296295,
            "min": 0,
            "med": 0,
            "max": 105.7546,
            "p(90)": 0,
            "p(95)": 0
        },
        "http_req_receiving": {
            "avg": 0.5624370370370368,
            "min": 0,
            "med": 0,
            "max": 7.7098,
            "p(90)": 1.8648999999999991,
            "p(95)": 3.1628249999999896
        },
        "http_req_duration{expected_response:true}": {
            "avg": 70.1300477430556,
            "min": 42.6761,
            "med": 63.6525,
            "max": 2781.1807,
            "p(90)": 81.98962,
            "p(95)": 91.584835
        },
        "http_req_sending": {
            "min": 0,
            "med": 0.5172,
            "max": 7.4642,
            "p(90)": 0.9550499999999998,
            "p(95)": 1.3938899999999985,
            "avg": 0.5047961226851853
        },
        "data_sent": {
            "count": 189451,
            "rate": 5309.654977441891
        },
        "login_duration": {
            "avg": 72.48061342592592,
            "min": 42.6761,
            "med": 64.15549999999999,
            "max": 2781.1807,
            "p(90)": 81.5217,
            "p(95)": 94.04957
        },
        "play_duration": {
            "med": 63.12465,
            "max": 1766.6899,
            "p(90)": 82.28979000000001,
            "p(95)": 90.51533499999996,
            "avg": 67.77948206018517,
            "min": 44.9826
        },
        "iteration_duration": {
            "med": 1132.0147499999998,
            "max": 3849.3719,
            "p(90)": 1168.60674,
            "p(95)": 1194.4327349999999,
            "avg": 1145.325266435185,
            "min": 1095.6983
        },
        "checks": {
            "passes": 1728,
            "fails": 0,
            "value": 1
        },
        "http_req_duration": {
            "p(95)": 91.584835,
            "avg": 70.1300477430556,
            "min": 42.6761,
            "med": 63.6525,
            "max": 2781.1807,
            "p(90)": 81.98962
        },
        "http_req_waiting": {
            "min": 39.4334,
            "med": 62.45425,
            "max": 2780.6662,
            "p(90)": 81.29925,
            "p(95)": 91.02855,
            "avg": 69.06281458333338
        },
        "data_received": {
            "count": 236622,
            "rate": 6631.69463382223
        },
        "http_req_blocked": {
            "avg": 1.610455787037037,
            "min": 0,
            "med": 0,
            "max": 209.5446,
            "p(90)": 0,
            "p(95)": 0
        },
        "http_req_failed": {
            "passes": 0,
            "fails": 1728,
            "value": 0
        }
    }
}