{
    "metrics": {
        "iterations": {
            "count": 662,
            "rate": 18.686289280174893
        },
        "http_req_failed": {
            "passes": 0,
            "fails": 662,
            "value": 0
        },
        "iteration_duration": {
            "avg": 1065.0281744712984,
            "min": 1042.9335,
            "med": 1060.10565,
            "max": 1231.627,
            "p(90)": 1077.19708,
            "p(95)": 1093.255445
        },
        "http_req_receiving": {
            "p(95)": 3.9970799999999973,
            "avg": 0.7953912386706952,
            "min": 0,
            "med": 0,
            "max": 7.7618,
            "p(90)": 2.691429999999998
        },
        "http_req_blocked": {
            "p(95)": 0,
            "avg": 3.062327794561934,
            "min": 0,
            "med": 0,
            "max": 146.9307,
            "p(90)": 0
        },
        "checks": {
            "passes": 662,
            "fails": 0,
            "value": 1
        },
        "data_received": {
            "count": 132743,
            "rate": 3746.9397249520484
        },
        "vus_max": {
            "value": 25,
            "min": 25,
            "max": 25
        },
        "http_req_tls_handshaking": {
            "p(95)": 0,
            "avg": 1.7744075528700907,
            "min": 0,
            "med": 0,
            "max": 93.0118,
            "p(90)": 0
        },
        "http_reqs": {
            "count": 662,
            "rate": 18.686289280174893
        },
        "http_req_connecting": {
            "max": 57.2312,
            "p(90)": 0,
            "p(95)": 0,
            "avg": 1.229983836858006,
            "min": 0,
            "med": 0
        },
        "vus": {
            "max": 25,
            "value": 2,
            "min": 2
        },
        "login_duration": {
            "med": 58.71785,
            "max": 120.07,
            "p(90)": 74.17585,
            "p(95)": 79.93140499999998,
            "avg": 60.853572960725046,
            "min": 42.1266
        },
        "http_req_duration{expected_response:true}": {
            "avg": 60.853572960725046,
            "min": 42.1266,
            "med": 58.71785,
            "max": 120.07,
            "p(90)": 74.17585,
            "p(95)": 79.93140499999998
        },
        "http_req_waiting": {
            "p(90)": 72.43468999999999,
            "p(95)": 79.21236499999998,
            "avg": 59.42885921450147,
            "min": 42.1266,
            "med": 57.37365,
            "max": 119.4699
        },
        "http_req_duration": {
            "avg": 60.853572960725046,
            "min": 42.1266,
            "med": 58.71785,
            "max": 120.07,
            "p(90)": 74.17585,
            "p(95)": 79.93140499999998
        },
        "http_req_sending": {
            "max": 9.9573,
            "p(90)": 1.05837,
            "p(95)": 1.534474999999999,
            "avg": 0.6293225075528698,
            "min": 0,
            "med": 0.5591
        },
        "data_sent": {
            "count": 97364,
            "rate": 2748.295875339801
        }
    },
    "root_group": {
        "name": "",
        "path": "",
        "id": "d41d8cd98f00b204e9800998ecf8427e",
        "groups": {},
        "checks": {
                "Login request returned 200": {
                    "name": "Login request returned 200",
                    "path": "::Login request returned 200",
                    "id": "572a92ec029029b4b9c772e6bd54fb50",
                    "passes": 662,
                    "fails": 0
                }
            }
    }
}