{
    "root_group": {
        "name": "",
        "path": "",
        "id": "d41d8cd98f00b204e9800998ecf8427e",
        "groups": {},
        "checks": {
                "Login request returned 200": {
                    "passes": 603,
                    "fails": 0,
                    "name": "Login request returned 200",
                    "path": "::Login request returned 200",
                    "id": "572a92ec029029b4b9c772e6bd54fb50"
                },
                "Play request returned 200": {
                    "name": "Play request returned 200",
                    "path": "::Play request returned 200",
                    "id": "81a35480d3fa4312b9306d0c2c265fcb",
                    "passes": 603,
                    "fails": 0
                }
            }
    },
    "metrics": {
        "iterations": {
            "count": 603,
            "rate": 17.135127507541913
        },
        "http_req_duration": {
            "p(90)": 101.11019999999999,
            "p(95)": 128.765025,
            "avg": 81.36983955223872,
            "min": 49.5251,
            "med": 75.61855,
            "max": 326.961
        },
        "http_req_connecting": {
            "p(90)": 0,
            "p(95)": 0,
            "avg": 0.8259577943615257,
            "min": 0,
            "med": 0,
            "max": 85.7189
        },
        "http_req_waiting": {
            "med": 74.3162,
            "max": 326.5659,
            "p(90)": 99.96775,
            "p(95)": 128.009775,
            "avg": 80.14466550580433,
            "min": 48.9776
        },
        "checks": {
            "passes": 1206,
            "fails": 0,
            "value": 1
        },
        "login_duration": {
            "min": 54.1451,
            "med": 77.5576,
            "max": 326.961,
            "p(90)": 113.90980000000009,
            "p(95)": 144.74705999999998,
            "avg": 85.06561077943614
        },
        "data_sent": {
            "count": 132391,
            "rate": 3762.0840229701184
        },
        "vus": {
            "value": 2,
            "min": 2,
            "max": 25
        },
        "iteration_duration": {
            "avg": 1170.0227431177445,
            "min": 1110.3904,
            "med": 1157.0869,
            "max": 1432.3903,
            "p(90)": 1224.68858,
            "p(95)": 1260.3806399999999
        },
        "http_req_receiving": {
            "avg": 0.5739220563847427,
            "min": 0,
            "med": 0,
            "max": 7.801,
            "p(90)": 2.0337,
            "p(95)": 3.0551250000000003
        },
        "data_received": {
            "count": 167067,
            "rate": 4747.453312276128
        },
        "http_req_blocked": {
            "p(95)": 0,
            "avg": 2.0816726368159206,
            "min": 0,
            "med": 0,
            "max": 159.7275,
            "p(90)": 0
        },
        "http_reqs": {
            "count": 1206,
            "rate": 34.270255015083826
        },
        "http_req_tls_handshaking": {
            "avg": 1.2260364842454397,
            "min": 0,
            "med": 0,
            "max": 96.7462,
            "p(90)": 0,
            "p(95)": 0
        },
        "http_req_duration{expected_response:true}": {
            "min": 49.5251,
            "med": 75.61855,
            "max": 326.961,
            "p(90)": 101.11019999999999,
            "p(95)": 128.765025,
            "avg": 81.36983955223872
        },
        "play_duration": {
            "med": 73.6644,
            "max": 267.6816,
            "p(90)": 94.27136,
            "p(95)": 108.70166999999996,
            "avg": 77.67406832504146,
            "min": 49.5251
        },
        "http_req_sending": {
            "avg": 0.6512519900497511,
            "min": 0,
            "med": 0.5162,
            "max": 28.8874,
            "p(90)": 1.32535,
            "p(95)": 2.063975
        },
        "http_req_failed": {
            "passes": 0,
            "fails": 1206,
            "value": 0
        },
        "vus_max": {
            "value": 25,
            "min": 25,
            "max": 25
        }
    }
}