{
    "root_group": {
        "path": "",
        "id": "d41d8cd98f00b204e9800998ecf8427e",
        "groups": {},
        "checks": {
                "Login request returned 200": {
                    "id": "572a92ec029029b4b9c772e6bd54fb50",
                    "passes": 3526,
                    "fails": 0,
                    "name": "Login request returned 200",
                    "path": "::Login request returned 200"
                }
            },
        "name": ""
    },
    "metrics": {
        "http_req_tls_handshaking": {
            "med": 0,
            "max": 257.4064,
            "p(90)": 0,
            "p(95)": 0,
            "avg": 0.8381491775382871,
            "min": 0
        },
        "iterations": {
            "count": 3526,
            "rate": 26.9722260348731
        },
        "http_req_sending": {
            "min": 0,
            "med": 0.55305,
            "max": 11.5774,
            "p(90)": 1.04935,
            "p(95)": 1.394625,
            "avg": 0.6018055303460018
        },
        "http_req_duration{expected_response:true}": {
            "avg": 69.8982829551901,
            "min": 39.6323,
            "med": 67.08825,
            "max": 1288.7754,
            "p(90)": 86.29055,
            "p(95)": 94.20519999999999
        },
        "vus": {
            "max": 50,
            "value": 5,
            "min": 1
        },
        "data_sent": {
            "count": 469073,
            "rate": 3588.185758041982
        },
        "vus_max": {
            "value": 50,
            "min": 50,
            "max": 50
        },
        "login_duration": {
            "avg": 69.8982829551901,
            "min": 39.6323,
            "med": 67.08825,
            "max": 1288.7754,
            "p(90)": 86.29055,
            "p(95)": 94.20519999999999
        },
        "http_req_receiving": {
            "p(90)": 2.2854,
            "p(95)": 3.5329249999999996,
            "avg": 0.6977196256381168,
            "min": 0,
            "med": 0,
            "max": 9.3613
        },
        "http_reqs": {
            "count": 3526,
            "rate": 26.9722260348731
        },
        "http_req_waiting": {
            "max": 1287.8744,
            "p(90)": 84.9177,
            "p(95)": 93.0681,
            "avg": 68.59875779920603,
            "min": 38.3278,
            "med": 65.89965
        },
        "checks": {
            "passes": 3526,
            "fails": 0,
            "value": 1
        },
        "http_req_failed": {
            "fails": 3526,
            "passes": 0,
            "value": 0
        },
        "data_received": {
            "count": 441316,
            "rate": 3375.8578856511785
        },
        "http_req_connecting": {
            "p(90)": 0,
            "p(95)": 0,
            "avg": 0.5652822461712989,
            "min": 0,
            "med": 0,
            "max": 252.0629
        },
        "iteration_duration": {
            "min": 1039.9971,
            "med": 1068.24435,
            "max": 2289.8541,
            "p(90)": 1088.6756500000001,
            "p(95)": 1098.432325,
            "avg": 1072.4068370674947
        },
        "http_req_duration": {
            "med": 67.08825,
            "max": 1288.7754,
            "p(90)": 86.29055,
            "p(95)": 94.20519999999999,
            "avg": 69.8982829551901,
            "min": 39.6323
        },
        "http_req_blocked": {
            "p(95)": 0,
            "avg": 1.4168053601815087,
            "min": 0,
            "med": 0,
            "max": 333.7252,
            "p(90)": 0
        }
    }
}