{
    "root_group": {
        "name": "",
        "path": "",
        "id": "d41d8cd98f00b204e9800998ecf8427e",
        "groups": {},
        "checks": {
                "Login request returned 200": {
                    "name": "Login request returned 200",
                    "path": "::Login request returned 200",
                    "id": "572a92ec029029b4b9c772e6bd54fb50",
                    "passes": 934,
                    "fails": 1
                }
            }
    },
    "metrics": {
        "data_sent": {
            "count": 137165,
            "rate": 3891.530376429593
        },
        "http_req_blocked": {
            "min": 0,
            "med": 0,
            "max": 120.2081,
            "p(90)": 0,
            "p(95)": 0,
            "avg": 2.064883957219252
        },
        "iterations": {
            "count": 935,
            "rate": 26.52703606577239
        },
        "http_req_tls_handshaking": {
            "max": 48.4536,
            "p(90)": 0,
            "p(95)": 0,
            "avg": 1.220222139037433,
            "min": 0,
            "med": 0
        },
        "vus_max": {
            "min": 35,
            "max": 35,
            "value": 35
        },
        "data_received": {
            "count": 186821,
            "rate": 5300.328775233865
        },
        "http_req_duration": {
            "avg": 53.440633368983946,
            "min": 39.7078,
            "med": 50.3907,
            "max": 175.2473,
            "p(90)": 65.23742000000001,
            "p(95)": 72.35387999999999
        },
        "http_req_duration{expected_response:true}": {
            "p(95)": 72.36360999999998,
            "avg": 53.43429004282654,
            "min": 39.7078,
            "med": 50.329,
            "max": 175.2473,
            "p(90)": 65.26544000000001
        },
        "http_req_waiting": {
            "max": 175.2473,
            "p(90)": 65.1847,
            "p(95)": 72.21168999999999,
            "avg": 53.36754631016045,
            "min": 39.7078,
            "med": 50.2033
        },
        "http_reqs": {
            "count": 935,
            "rate": 26.52703606577239
        },
        "checks": {
            "passes": 934,
            "fails": 1,
            "value": 0.9989304812834224
        },
        "http_req_sending": {
            "avg": 0.04144588235294117,
            "min": 0,
            "med": 0,
            "max": 1.0013,
            "p(90)": 0.16626000000000002,
            "p(95)": 0.19035
        },
        "vus": {
            "max": 35,
            "value": 3,
            "min": 3
        },
        "iteration_duration": {
            "avg": 1056.129620962568,
            "min": 1040.3927,
            "med": 1050.9899,
            "max": 1176.8526,
            "p(90)": 1070.98406,
            "p(95)": 1098.5897599999998
        },
        "http_req_connecting": {
            "avg": 0.7897445989304812,
            "min": 0,
            "med": 0,
            "max": 26.4358,
            "p(90)": 0,
            "p(95)": 0
        },
        "http_req_receiving": {
            "avg": 0.03164117647058823,
            "min": 0,
            "med": 0,
            "max": 1.0127,
            "p(90)": 0,
            "p(95)": 0.19901999999999856
        },
        "http_req_failed": {
            "passes": 1,
            "fails": 934,
            "value": 0.0010695187165775401
        },
        "login_duration": {
            "p(90)": 65.23742000000001,
            "p(95)": 72.35387999999999,
            "avg": 53.440633368983946,
            "min": 39.7078,
            "med": 50.3907,
            "max": 175.2473
        }
    }
}