{
    "metrics": {
        "iterations": {
            "rate": 25.373412585262763,
            "count": 3311
        },
        "http_req_duration": {
            "med": 61.192049999999995,
            "max": 4289.0793,
            "p(90)": 76.62538,
            "p(95)": 85.224835,
            "avg": 68.75183305647853,
            "min": 41.7563
        },
        "http_req_tls_handshaking": {
            "min": 0,
            "med": 0,
            "max": 72.0093,
            "p(90)": 0,
            "p(95)": 0,
            "avg": 0.30334318936877086
        },
        "login_duration": {
            "p(90)": 78.9525,
            "p(95)": 87.7553,
            "avg": 71.6112588643916,
            "min": 43.8497,
            "med": 61.3901,
            "max": 4289.0793
        },
        "data_sent": {
            "count": 679944,
            "rate": 5210.661324939264
        },
        "http_req_receiving": {
            "avg": 0.1545371790999697,
            "min": 0,
            "med": 0,
            "max": 1.7542,
            "p(90)": 0.7020800000000007,
            "p(95)": 0.8772249999999997
        },
        "vus_max": {
            "max": 50,
            "value": 50,
            "min": 50
        },
        "http_req_sending": {
            "avg": 0.14977730292962857,
            "min": 0,
            "med": 0,
            "max": 27.5628,
            "p(90)": 0.5112,
            "p(95)": 0.62069
        },
        "http_reqs": {
            "count": 6622,
            "rate": 50.746825170525526
        },
        "http_req_connecting": {
            "p(90)": 0,
            "p(95)": 0,
            "avg": 0.22906745696164302,
            "min": 0,
            "med": 0,
            "max": 50.816
        },
        "http_req_waiting": {
            "avg": 68.44751857444875,
            "min": 41.7563,
            "med": 60.88825,
            "max": 4288.6504,
            "p(90)": 76.40268000000002,
            "p(95)": 85.151495
        },
        "vus": {
            "max": 50,
            "value": 2,
            "min": 1
        },
        "data_received": {
            "count": 627101,
            "rate": 4805.705951564743
        },
        "http_req_duration{expected_response:true}": {
            "p(95)": 85.224835,
            "avg": 68.75183305647853,
            "min": 41.7563,
            "med": 61.192049999999995,
            "max": 4289.0793,
            "p(90)": 76.62538
        },
        "http_req_blocked": {
            "avg": 0.53968352461492,
            "min": 0,
            "med": 0,
            "max": 122.8253,
            "p(90)": 0,
            "p(95)": 0
        },
        "http_req_failed": {
            "passes": 0,
            "fails": 6622,
            "value": 0
        },
        "checks": {
            "passes": 6622,
            "fails": 0,
            "value": 1
        },
        "play_duration": {
            "p(95)": 81.87684999999999,
            "avg": 65.89240724856542,
            "min": 41.7563,
            "med": 60.9989,
            "max": 3834.8028,
            "p(90)": 75.1117
        },
        "iteration_duration": {
            "avg": 1139.2477252793747,
            "min": 1092.3887,
            "med": 1124.7543,
            "max": 5340.685,
            "p(90)": 1152.5476,
            "p(95)": 1167.14605
        }
    },
    "root_group": {
        "name": "",
        "path": "",
        "id": "d41d8cd98f00b204e9800998ecf8427e",
        "groups": {},
        "checks": {
                "Login request returned 200": {
                    "fails": 0,
                    "name": "Login request returned 200",
                    "path": "::Login request returned 200",
                    "id": "572a92ec029029b4b9c772e6bd54fb50",
                    "passes": 3311
                },
                "Play request returned 200": {
                    "name": "Play request returned 200",
                    "path": "::Play request returned 200",
                    "id": "81a35480d3fa4312b9306d0c2c265fcb",
                    "passes": 3311,
                    "fails": 0
                }
            }
    }
}