{
    "root_group": {
        "name": "",
        "path": "",
        "id": "d41d8cd98f00b204e9800998ecf8427e",
        "groups": {},
        "checks": {
                "Login request returned 200": {
                    "fails": 0,
                    "name": "Login request returned 200",
                    "path": "::Login request returned 200",
                    "id": "572a92ec029029b4b9c772e6bd54fb50",
                    "passes": 252
                },
                "Play request returned 200": {
                    "name": "Play request returned 200",
                    "path": "::Play request returned 200",
                    "id": "81a35480d3fa4312b9306d0c2c265fcb",
                    "passes": 252,
                    "fails": 0
                }
            }
    },
    "metrics": {
        "http_req_waiting": {
            "p(90)": 77.26623999999998,
            "p(95)": 82.05226499999998,
            "avg": 61.09687619047617,
            "min": 41.5316,
            "med": 58.726150000000004,
            "max": 136.9339
        },
        "play_duration": {
            "avg": 62.30036150793647,
            "min": 44.3762,
            "med": 59.94985,
            "max": 107.898,
            "p(90)": 78.3695,
            "p(95)": 85.24980499999998
        },
        "vus": {
            "value": 1,
            "min": 1,
            "max": 10
        },
        "iterations": {
            "count": 252,
            "rate": 7.188656997584492
        },
        "http_req_duration": {
            "avg": 62.427304563492115,
            "min": 44.3762,
            "med": 59.6317,
            "max": 139.0039,
            "p(90)": 78.34429999999999,
            "p(95)": 86.65519499999998
        },
        "http_req_connecting": {
            "p(95)": 0,
            "avg": 0.6788001984126983,
            "min": 0,
            "med": 0,
            "max": 44.8162,
            "p(90)": 0
        },
        "http_req_receiving": {
            "avg": 0.6507843253968253,
            "min": 0,
            "med": 0,
            "max": 7.2773,
            "p(90)": 2.0852499999999994,
            "p(95)": 3.443479999999999
        },
        "data_received": {
            "count": 67917,
            "rate": 1937.4286400989918
        },
        "vus_max": {
            "value": 10,
            "min": 10,
            "max": 10
        },
        "http_req_tls_handshaking": {
            "avg": 0.8935255952380953,
            "min": 0,
            "med": 0,
            "max": 88.7833,
            "p(90)": 0,
            "p(95)": 0
        },
        "iteration_duration": {
            "min": 1096.6261,
            "med": 1126.0221999999999,
            "max": 1272.7897,
            "p(90)": 1161.123,
            "p(95)": 1179.719385,
            "avg": 1130.2437753968252
        },
        "http_req_duration{expected_response:true}": {
            "p(95)": 86.65519499999998,
            "avg": 62.427304563492115,
            "min": 44.3762,
            "med": 59.6317,
            "max": 139.0039,
            "p(90)": 78.34429999999999
        },
        "http_req_blocked": {
            "p(90)": 0,
            "p(95)": 0,
            "avg": 1.6635482142857143,
            "min": 0,
            "med": 0,
            "max": 158.2313
        },
        "http_req_sending": {
            "p(95)": 1.8315049999999977,
            "avg": 0.6796440476190482,
            "min": 0,
            "med": 0.5245,
            "max": 27.8252,
            "p(90)": 1.1513599999999997
        },
        "login_duration": {
            "avg": 62.554247619047615,
            "min": 44.6639,
            "med": 59.370400000000004,
            "max": 139.0039,
            "p(90)": 77.92076,
            "p(95)": 88.43025499999999
        },
        "checks": {
            "passes": 504,
            "fails": 0,
            "value": 1
        },
        "http_req_failed": {
            "passes": 0,
            "fails": 504,
            "value": 0
        },
        "http_reqs": {
            "count": 504,
            "rate": 14.377313995168985
        },
        "data_sent": {
            "rate": 1574.3158824710038,
            "count": 55188
        }
    }
}