{
    "metrics": {
        "data_sent": {
            "count": 268121,
            "rate": 7564.6452202664705
        },
        "http_req_receiving": {
            "avg": 0.04598110204081632,
            "min": 0,
            "med": 0,
            "max": 1.3964,
            "p(90)": 0,
            "p(95)": 0.356534999999999
        },
        "http_req_duration{expected_response:true}": {
            "max": 5183.3375,
            "p(90)": 65.27189,
            "p(95)": 73.62093999999999,
            "avg": 74.01219644897954,
            "min": 40.3198,
            "med": 51.4613
        },
        "vus_max": {
            "value": 50,
            "min": 50,
            "max": 50
        },
        "http_req_tls_handshaking": {
            "min": 0,
            "med": 0,
            "max": 51.3537,
            "p(90)": 0,
            "p(95)": 0,
            "avg": 0.6449341632653062
        },
        "play_duration": {
            "max": 4519.6206,
            "p(90)": 63.78054000000001,
            "p(95)": 71.01146,
            "avg": 69.27377706122452,
            "min": 40.4128,
            "med": 51.4684
        },
        "http_reqs": {
            "rate": 69.12319732379356,
            "count": 2450
        },
        "checks": {
            "fails": 0,
            "passes": 2450,
            "value": 1
        },
        "http_req_connecting": {
            "avg": 0.41792036734693877,
            "min": 0,
            "med": 0,
            "max": 27.324,
            "p(90)": 0,
            "p(95)": 0
        },
        "http_req_waiting": {
            "p(90)": 65.21064,
            "p(95)": 73.48184999999994,
            "avg": 73.92663685714284,
            "min": 40.165,
            "med": 51.405550000000005,
            "max": 5183.3375
        },
        "vus": {
            "value": 2,
            "min": 2,
            "max": 50
        },
        "data_received": {
            "count": 336332,
            "rate": 9489.119674410667
        },
        "iterations": {
            "count": 1225,
            "rate": 34.56159866189678
        },
        "http_req_blocked": {
            "avg": 1.069414244897959,
            "min": 0,
            "med": 0,
            "max": 82.6827,
            "p(90)": 0,
            "p(95)": 0
        },
        "http_req_sending": {
            "p(95)": 0.1842899999999995,
            "avg": 0.039578489795918395,
            "min": 0,
            "med": 0,
            "max": 1.33,
            "p(90)": 0.10917999999999993
        },
        "http_req_duration": {
            "max": 5183.3375,
            "p(90)": 65.27189,
            "p(95)": 73.62093999999999,
            "avg": 74.01219644897954,
            "min": 40.3198,
            "med": 51.4613
        },
        "iteration_duration": {
            "avg": 1150.867524489796,
            "min": 1085.7959,
            "med": 1105.0931,
            "max": 6265.9153,
            "p(90)": 1135.0297600000001,
            "p(95)": 1159.20364
        },
        "http_req_failed": {
            "passes": 0,
            "fails": 2450,
            "value": 0
        },
        "login_duration": {
            "max": 5183.3375,
            "p(90)": 66.65330000000002,
            "p(95)": 75.41839999999999,
            "avg": 78.75061583673475,
            "min": 40.3198,
            "med": 51.4542
        }
    },
    "root_group": {
        "name": "",
        "path": "",
        "id": "d41d8cd98f00b204e9800998ecf8427e",
        "groups": {},
        "checks": {
                "Login request returned 200": {
                    "name": "Login request returned 200",
                    "path": "::Login request returned 200",
                    "id": "572a92ec029029b4b9c772e6bd54fb50",
                    "passes": 1225,
                    "fails": 0
                },
                "Play request returned 200": {
                    "path": "::Play request returned 200",
                    "id": "81a35480d3fa4312b9306d0c2c265fcb",
                    "passes": 1225,
                    "fails": 0,
                    "name": "Play request returned 200"
                }
            }
    }
}