{
    "root_group": {
        "groups": {},
        "checks": {
                "Login request returned 200": {
                    "id": "572a92ec029029b4b9c772e6bd54fb50",
                    "passes": 649,
                    "fails": 0,
                    "name": "Login request returned 200",
                    "path": "::Login request returned 200"
                }
            },
        "name": "",
        "path": "",
        "id": "d41d8cd98f00b204e9800998ecf8427e"
    },
    "metrics": {
        "http_req_connecting": {
            "p(95)": 0,
            "avg": 1.6696141756548537,
            "min": 0,
            "med": 0,
            "max": 132.2989,
            "p(90)": 0
        },
        "http_req_sending": {
            "avg": 0.6332023112480742,
            "min": 0,
            "med": 0.5457,
            "max": 12.8245,
            "p(90)": 1.1828200000000013,
            "p(95)": 1.7479000000000013
        },
        "data_received": {
            "count": 131671,
            "rate": 3672.1256605188305
        },
        "http_req_tls_handshaking": {
            "p(95)": 0,
            "avg": 2.290192758089368,
            "min": 0,
            "med": 0,
            "max": 141.4674,
            "p(90)": 0
        },
        "iteration_duration": {
            "p(90)": 1107.42864,
            "p(95)": 1159.9530800000002,
            "avg": 1084.437375963021,
            "min": 1050.3754,
            "med": 1074.6084,
            "max": 1378.6735
        },
        "http_req_failed": {
            "passes": 0,
            "fails": 649,
            "value": 0
        },
        "vus": {
            "max": 25,
            "value": 2,
            "min": 2
        },
        "checks": {
            "passes": 649,
            "fails": 0,
            "value": 1
        },
        "http_req_receiving": {
            "med": 0,
            "max": 6.9865,
            "p(90)": 2.1428800000000003,
            "p(95)": 3.433560000000002,
            "avg": 0.6244460708782742,
            "min": 0
        },
        "vus_max": {
            "value": 25,
            "min": 25,
            "max": 25
        },
        "http_req_blocked": {
            "p(90)": 0,
            "p(95)": 0,
            "avg": 4.057496610169492,
            "min": 0,
            "med": 0,
            "max": 226.0052
        },
        "http_req_waiting": {
            "avg": 77.24390338983045,
            "min": 48.3239,
            "med": 70.8153,
            "max": 376.4428,
            "p(90)": 98.35040000000001,
            "p(95)": 113.21414
        },
        "login_duration": {
            "max": 376.4428,
            "p(90)": 99.68466000000001,
            "p(95)": 113.55178000000001,
            "avg": 78.50155177195677,
            "min": 49.9072,
            "med": 72.1931
        },
        "data_sent": {
            "count": 95236,
            "rate": 2656.0029118421776
        },
        "iterations": {
            "count": 649,
            "rate": 18.099730036809326
        },
        "http_reqs": {
            "count": 649,
            "rate": 18.099730036809326
        },
        "http_req_duration{expected_response:true}": {
            "avg": 78.50155177195677,
            "min": 49.9072,
            "med": 72.1931,
            "max": 376.4428,
            "p(90)": 99.68466000000001,
            "p(95)": 113.55178000000001
        },
        "http_req_duration": {
            "avg": 78.50155177195677,
            "min": 49.9072,
            "med": 72.1931,
            "max": 376.4428,
            "p(90)": 99.68466000000001,
            "p(95)": 113.55178000000001
        }
    }
}