{
    "root_group": {
        "name": "",
        "path": "",
        "id": "d41d8cd98f00b204e9800998ecf8427e",
        "groups": {},
        "checks": {
                "Login request returned 200": {
                    "fails": 0,
                    "name": "Login request returned 200",
                    "path": "::Login request returned 200",
                    "id": "572a92ec029029b4b9c772e6bd54fb50",
                    "passes": 253
                },
                "Play request returned 200": {
                    "path": "::Play request returned 200",
                    "id": "81a35480d3fa4312b9306d0c2c265fcb",
                    "passes": 253,
                    "fails": 0,
                    "name": "Play request returned 200"
                }
            }
    },
    "metrics": {
        "http_req_waiting": {
            "min": 39.9552,
            "med": 58.4162,
            "max": 257.3099,
            "p(90)": 76.61015,
            "p(95)": 83.19465000000001,
            "avg": 61.792150395256954
        },
        "checks": {
            "fails": 0,
            "passes": 506,
            "value": 1
        },
        "iterations": {
            "count": 253,
            "rate": 7.0232695020662375
        },
        "http_req_failed": {
            "passes": 0,
            "fails": 506,
            "value": 0
        },
        "login_duration": {
            "min": 46.1508,
            "med": 61.5802,
            "max": 122.6774,
            "p(90)": 78.36704,
            "p(95)": 87.25177999999988,
            "avg": 63.68713162055338
        },
        "data_sent": {
            "count": 55017,
            "rate": 1527.2696371350917
        },
        "http_req_tls_handshaking": {
            "avg": 0.944094861660079,
            "min": 0,
            "med": 0,
            "max": 90.8125,
            "p(90)": 0,
            "p(95)": 0
        },
        "http_reqs": {
            "count": 506,
            "rate": 14.046539004132475
        },
        "http_req_duration{expected_response:true}": {
            "min": 42.9415,
            "med": 59.9834,
            "max": 258.7157,
            "p(90)": 77.7521,
            "p(95)": 85.18927500000001,
            "avg": 63.14465830039526
        },
        "http_req_blocked": {
            "avg": 1.7718996047430826,
            "min": 0,
            "med": 0,
            "max": 184.279,
            "p(90)": 0,
            "p(95)": 0
        },
        "http_req_duration": {
            "avg": 63.14465830039526,
            "min": 42.9415,
            "med": 59.9834,
            "max": 258.7157,
            "p(90)": 77.7521,
            "p(95)": 85.18927500000001
        },
        "http_req_connecting": {
            "p(90)": 0,
            "p(95)": 0,
            "avg": 0.770037351778656,
            "min": 0,
            "med": 0,
            "max": 65.5867
        },
        "vus_max": {
            "value": 10,
            "min": 10,
            "max": 10
        },
        "http_req_sending": {
            "max": 6.665,
            "p(90)": 1.16135,
            "p(95)": 1.62635,
            "avg": 0.5943940711462458,
            "min": 0,
            "med": 0.53975
        },
        "vus": {
            "value": 1,
            "min": 1,
            "max": 10
        },
        "data_received": {
            "count": 67711,
            "rate": 1879.654550412676
        },
        "play_duration": {
            "p(95)": 84.55713999999999,
            "avg": 62.60218498023716,
            "min": 42.9415,
            "med": 58.1154,
            "max": 258.7157,
            "p(90)": 77.40820000000001
        },
        "iteration_duration": {
            "avg": 1131.69745256917,
            "min": 1097.5428,
            "med": 1124.63,
            "max": 1327.8571,
            "p(90)": 1155.88914,
            "p(95)": 1186.7008999999998
        },
        "http_req_receiving": {
            "avg": 0.7581138339920951,
            "min": 0,
            "med": 0,
            "max": 8.4978,
            "p(90)": 2.6086,
            "p(95)": 3.866825
        }
    }
}