{
    "root_group": {
        "id": "d41d8cd98f00b204e9800998ecf8427e",
        "groups": {},
        "checks": {
                "Login request returned 200": {
                    "name": "Login request returned 200",
                    "path": "::Login request returned 200",
                    "id": "572a92ec029029b4b9c772e6bd54fb50",
                    "passes": 868,
                    "fails": 0
                },
                "Play request returned 200": {
                    "name": "Play request returned 200",
                    "path": "::Play request returned 200",
                    "id": "81a35480d3fa4312b9306d0c2c265fcb",
                    "passes": 868,
                    "fails": 0
                }
            },
        "name": "",
        "path": ""
    },
    "metrics": {
        "http_req_connecting": {
            "avg": 0.6440471198156684,
            "min": 0,
            "med": 0,
            "max": 101.1514,
            "p(90)": 0,
            "p(95)": 0
        },
        "vus_max": {
            "value": 35,
            "min": 35,
            "max": 35
        },
        "http_req_sending": {
            "min": 0,
            "med": 0.5117,
            "max": 36.326,
            "p(90)": 1.0299,
            "p(95)": 1.537625,
            "avg": 0.5379330069124424
        },
        "checks": {
            "passes": 1736,
            "fails": 0,
            "value": 1
        },
        "http_req_duration": {
            "avg": 64.38382661290318,
            "min": 39.903,
            "med": 60.70155,
            "max": 244.7231,
            "p(90)": 80.81505,
            "p(95)": 91.09072499999999
        },
        "http_reqs": {
            "rate": 48.85263274365551,
            "count": 1736
        },
        "http_req_tls_handshaking": {
            "avg": 0.9289647465437788,
            "min": 0,
            "med": 0,
            "max": 89.5559,
            "p(90)": 0,
            "p(95)": 0
        },
        "http_req_failed": {
            "passes": 0,
            "fails": 1736,
            "value": 0
        },
        "http_req_receiving": {
            "avg": 0.6289153225806444,
            "min": 0,
            "med": 0,
            "max": 9.4633,
            "p(90)": 2.3311,
            "p(95)": 3.86445
        },
        "login_duration": {
            "avg": 65.31082684331797,
            "min": 41.5022,
            "med": 61.48095,
            "max": 244.7231,
            "p(90)": 81.93446,
            "p(95)": 93.55069499999999
        },
        "vus": {
            "value": 3,
            "min": 3,
            "max": 35
        },
        "http_req_duration{expected_response:true}": {
            "min": 39.903,
            "med": 60.70155,
            "max": 244.7231,
            "p(90)": 80.81505,
            "p(95)": 91.09072499999999,
            "avg": 64.38382661290318
        },
        "http_req_waiting": {
            "avg": 63.21697828341014,
            "min": 38.9845,
            "med": 59.60095,
            "max": 243.7169,
            "p(90)": 79.197,
            "p(95)": 90.0494
        },
        "iteration_duration": {
            "p(90)": 1173.28718,
            "p(95)": 1196.492775,
            "avg": 1134.9525720046079,
            "min": 1095.205,
            "med": 1126.9063,
            "max": 1325.9301
        },
        "data_sent": {
            "count": 189769,
            "rate": 5340.273769084541
        },
        "http_req_blocked": {
            "avg": 1.6313774769585252,
            "min": 0,
            "med": 0,
            "max": 190.7562,
            "p(90)": 0,
            "p(95)": 0
        },
        "data_received": {
            "rate": 6657.606398114495,
            "count": 236581
        },
        "iterations": {
            "count": 868,
            "rate": 24.426316371827756
        },
        "play_duration": {
            "avg": 63.45682638248853,
            "min": 39.903,
            "med": 60.170500000000004,
            "max": 163.3141,
            "p(90)": 78.31199000000001,
            "p(95)": 88.52121499999998
        }
    }
}