{
    "root_group": {
        "checks": {
            "Login request returned 200": {
                "passes": 1160,
                "fails": 0,
                "name": "Login request returned 200",
                "path": "::Login request returned 200",
                "id": "572a92ec029029b4b9c772e6bd54fb50"
            }
        },
        "name": "",
        "path": "",
        "id": "d41d8cd98f00b204e9800998ecf8427e",
        "groups": {}
    },
    "metrics": {
        "vus_max": {
            "value": 25,
            "min": 25,
            "max": 25
        },
        "iteration_duration": {
            "avg": 1095.0768681034485,
            "min": 1050.0542,
            "med": 1074.04815,
            "max": 5221.9359,
            "p(90)": 1098.26913,
            "p(95)": 1115.841745
        },
        "http_req_duration{expected_response:true}": {
            "avg": 91.64648456896549,
            "min": 48.1049,
            "med": 72.73455,
            "max": 4221.1371,
            "p(90)": 93.89962000000003,
            "p(95)": 103.016315
        },
        "http_reqs": {
            "count": 1160,
            "rate": 14.37265707259262
        },
        "http_req_failed": {
            "passes": 0,
            "fails": 1160,
            "value": 0
        },
        "http_req_receiving": {
            "min": 0,
            "med": 0,
            "max": 7.3624,
            "p(90)": 2.8481000000000005,
            "p(95)": 3.8366999999999982,
            "avg": 0.809262844827586
        },
        "checks": {
            "passes": 1160,
            "fails": 0,
            "value": 1
        },
        "login_duration": {
            "min": 48.1049,
            "med": 72.73455,
            "max": 4221.1371,
            "p(90)": 93.89962000000003,
            "p(95)": 103.016315,
            "avg": 91.64648456896549
        },
        "iterations": {
            "count": 1160,
            "rate": 14.37265707259262
        },
        "http_req_tls_handshaking": {
            "max": 87.6527,
            "p(90)": 0,
            "p(95)": 0,
            "avg": 1.2070199137931037,
            "min": 0,
            "med": 0
        },
        "data_sent": {
            "count": 159647,
            "rate": 1978.061710058788
        },
        "vus": {
            "value": 1,
            "min": 1,
            "max": 25
        },
        "data_received": {
            "count": 172674,
            "rate": 2139.469127028326
        },
        "http_req_duration": {
            "max": 4221.1371,
            "p(90)": 93.89962000000003,
            "p(95)": 103.016315,
            "avg": 91.64648456896549,
            "min": 48.1049,
            "med": 72.73455
        },
        "http_req_blocked": {
            "med": 0,
            "max": 156.5673,
            "p(90)": 0,
            "p(95)": 0,
            "avg": 2.1033142241379306,
            "min": 0
        },
        "http_req_connecting": {
            "min": 0,
            "med": 0,
            "max": 67.3048,
            "p(90)": 0,
            "p(95)": 0,
            "avg": 0.8453586206896551
        },
        "http_req_sending": {
            "avg": 0.6102725000000001,
            "min": 0,
            "med": 0.5578,
            "max": 6.9693,
            "p(90)": 1.08115,
            "p(95)": 1.3955649999999975
        },
        "http_req_waiting": {
            "max": 4221.1371,
            "p(90)": 92.82642000000003,
            "p(95)": 101.32401499999999,
            "avg": 90.226949224138,
            "min": 46.8755,
            "med": 71.66265000000001
        }
    }
}