{
    "root_group": {
        "checks": {
            "Login request returned 200": {
                "name": "Login request returned 200",
                "path": "::Login request returned 200",
                "id": "572a92ec029029b4b9c772e6bd54fb50",
                "passes": 3247,
                "fails": 0
            },
            "Play request returned 200": {
                "passes": 3247,
                "fails": 0,
                "name": "Play request returned 200",
                "path": "::Play request returned 200",
                "id": "81a35480d3fa4312b9306d0c2c265fcb"
            }
        },
        "name": "",
        "path": "",
        "id": "d41d8cd98f00b204e9800998ecf8427e",
        "groups": {}
    },
    "metrics": {
        "iteration_duration": {
            "avg": 1165.0057781952592,
            "min": 1088.3579,
            "med": 1142.8887,
            "max": 4513.8143,
            "p(90)": 1183.33654,
            "p(95)": 1198.8427900000002
        },
        "http_req_waiting": {
            "p(95)": 98.79892499999998,
            "avg": 79.76804280874654,
            "min": 40.9073,
            "med": 68.65729999999999,
            "max": 3436.4971,
            "p(90)": 90.53307
        },
        "http_req_failed": {
            "passes": 0,
            "fails": 6494,
            "value": 0
        },
        "http_req_connecting": {
            "max": 317.1941,
            "p(90)": 0,
            "p(95)": 0,
            "avg": 0.3256161225746844,
            "min": 0,
            "med": 0
        },
        "checks": {
            "passes": 6494,
            "fails": 0,
            "value": 1
        },
        "http_req_blocked": {
            "max": 409.5933,
            "p(90)": 0,
            "p(95)": 0,
            "avg": 0.749636772405297,
            "min": 0,
            "med": 0
        },
        "play_duration": {
            "p(90)": 90.6846,
            "p(95)": 99.4016,
            "avg": 79.7968503233754,
            "min": 41.0983,
            "med": 69.4634,
            "max": 3365.0824
        },
        "vus": {
            "value": 1,
            "min": 1,
            "max": 50
        },
        "http_req_duration{expected_response:true}": {
            "avg": 80.90004065291042,
            "min": 41.0983,
            "med": 69.8193,
            "max": 3437.6932,
            "p(90)": 91.50108999999999,
            "p(95)": 100.04281999999994
        },
        "login_duration": {
            "min": 43.5513,
            "med": 69.9845,
            "max": 3437.6932,
            "p(90)": 92.22342,
            "p(95)": 100.9584,
            "avg": 82.00323098244534
        },
        "iterations": {
            "count": 3247,
            "rate": 24.768779306869547
        },
        "http_req_tls_handshaking": {
            "avg": 0.41649984601170303,
            "min": 0,
            "med": 0,
            "max": 125.149,
            "p(90)": 0,
            "p(95)": 0
        },
        "data_sent": {
            "rate": 5058.178349803764,
            "count": 663089
        },
        "http_reqs": {
            "count": 6494,
            "rate": 49.537558613739094
        },
        "vus_max": {
            "min": 50,
            "max": 50,
            "value": 50
        },
        "http_req_duration": {
            "min": 41.0983,
            "med": 69.8193,
            "max": 3437.6932,
            "p(90)": 91.50108999999999,
            "p(95)": 100.04281999999994,
            "avg": 80.90004065291042
        },
        "http_req_receiving": {
            "avg": 0.6435134123806575,
            "min": 0,
            "med": 0,
            "max": 11.6531,
            "p(90)": 2.0557399999999997,
            "p(95)": 3.3891849999999972
        },
        "http_req_sending": {
            "med": 0.5153,
            "max": 18.9297,
            "p(90)": 0.8474099999999989,
            "p(95)": 1.2589449999999975,
            "avg": 0.48848443178318396,
            "min": 0
        },
        "data_received": {
            "count": 629479,
            "rate": 4801.794403852459
        }
    }
}