{
    "root_group": {
        "name": "",
        "path": "",
        "id": "d41d8cd98f00b204e9800998ecf8427e",
        "groups": {},
        "checks": {
                "Login request returned 200": {
                    "name": "Login request returned 200",
                    "path": "::Login request returned 200",
                    "id": "572a92ec029029b4b9c772e6bd54fb50",
                    "passes": 628,
                    "fails": 0
                },
                "Play request returned 200": {
                    "name": "Play request returned 200",
                    "path": "::Play request returned 200",
                    "id": "81a35480d3fa4312b9306d0c2c265fcb",
                    "passes": 628,
                    "fails": 0
                }
            }
    },
    "metrics": {
        "iteration_duration": {
            "p(95)": 1178.50919,
            "avg": 1126.3008337579622,
            "min": 1091.0123,
            "med": 1120.20625,
            "max": 1396.2818,
            "p(90)": 1149.51987
        },
        "iterations": {
            "count": 628,
            "rate": 17.478666070399232
        },
        "http_req_duration{expected_response:true}": {
            "avg": 60.60873033439496,
            "min": 40.0814,
            "med": 58.302899999999994,
            "max": 189.2919,
            "p(90)": 74.12360000000001,
            "p(95)": 80.25855
        },
        "http_req_waiting": {
            "avg": 59.294029378980895,
            "min": 36.3462,
            "med": 56.98455,
            "max": 188.7584,
            "p(90)": 72.37950000000001,
            "p(95)": 79.2881
        },
        "http_req_receiving": {
            "avg": 0.8018603503184717,
            "min": 0,
            "med": 0,
            "max": 8.9116,
            "p(90)": 2.91305,
            "p(95)": 4.1672
        },
        "play_duration": {
            "avg": 60.63554984076434,
            "min": 40.0814,
            "med": 58.19125,
            "max": 144.1403,
            "p(90)": 74.48175000000002,
            "p(95)": 81.9921
        },
        "http_req_duration": {
            "avg": 60.60873033439496,
            "min": 40.0814,
            "med": 58.302899999999994,
            "max": 189.2919,
            "p(90)": 74.12360000000001,
            "p(95)": 80.25855
        },
        "http_req_sending": {
            "avg": 0.5128406050955411,
            "min": 0,
            "med": 0.5201,
            "max": 6.6103,
            "p(90)": 0.8753,
            "p(95)": 1.341375
        },
        "http_reqs": {
            "count": 1256,
            "rate": 34.957332140798464
        },
        "http_req_tls_handshaking": {
            "avg": 0.9543851910828025,
            "min": 0,
            "med": 0,
            "max": 87.0631,
            "p(90)": 0,
            "p(95)": 0
        },
        "vus": {
            "value": 1,
            "min": 1,
            "max": 25
        },
        "http_req_connecting": {
            "min": 0,
            "med": 0,
            "max": 38.9916,
            "p(90)": 0,
            "p(95)": 0,
            "avg": 0.5266854299363058
        },
        "data_sent": {
            "count": 136895,
            "rate": 3810.0987129097175
        },
        "http_req_failed": {
            "passes": 0,
            "fails": 1256,
            "value": 0
        },
        "login_duration": {
            "avg": 60.58191082802551,
            "min": 42.3728,
            "med": 58.31085,
            "max": 189.2919,
            "p(90)": 73.14643,
            "p(95)": 77.97135
        },
        "vus_max": {
            "min": 25,
            "max": 25,
            "value": 25
        },
        "data_received": {
            "count": 170300,
            "rate": 4739.835719409218
        },
        "checks": {
            "passes": 1256,
            "fails": 0,
            "value": 1
        },
        "http_req_blocked": {
            "max": 148.7416,
            "p(90)": 0,
            "p(95)": 0,
            "avg": 1.5205260350318472,
            "min": 0,
            "med": 0
        }
    }
}