{
    "metrics": {
        "http_req_waiting": {
            "avg": 64.54323347421817,
            "min": 39.2017,
            "med": 50.935,
            "max": 5631.1954,
            "p(90)": 66.67276000000001,
            "p(95)": 75.65108
        },
        "data_received": {
            "count": 443207,
            "rate": 3362.626205763365
        },
        "checks": {
            "passes": 3549,
            "fails": 0,
            "value": 1
        },
        "http_reqs": {
            "count": 3549,
            "rate": 26.926380684994104
        },
        "http_req_sending": {
            "avg": 0.02483826429980276,
            "min": 0,
            "med": 0,
            "max": 0.5444,
            "p(90)": 0.13654000000000005,
            "p(95)": 0.17035999999999998
        },
        "vus_max": {
            "value": 50,
            "min": 50,
            "max": 50
        },
        "iterations": {
            "count": 3549,
            "rate": 26.926380684994104
        },
        "http_req_tls_handshaking": {
            "min": 0,
            "med": 0,
            "max": 49.6019,
            "p(90)": 0,
            "p(95)": 0,
            "avg": 0.45027689489997175
        },
        "http_req_receiving": {
            "avg": 0.040767850098619336,
            "min": 0,
            "med": 0,
            "max": 1.1952,
            "p(90)": 0,
            "p(95)": 0.2889399999999994
        },
        "login_duration": {
            "max": 5631.1954,
            "p(90)": 66.73102,
            "p(95)": 75.72793999999999,
            "avg": 64.60883958861656,
            "min": 39.2017,
            "med": 51.0295
        },
        "http_req_duration": {
            "p(95)": 75.72793999999999,
            "avg": 64.60883958861656,
            "min": 39.2017,
            "med": 51.0295,
            "max": 5631.1954,
            "p(90)": 66.73102
        },
        "vus": {
            "value": 1,
            "min": 1,
            "max": 50
        },
        "iteration_duration": {
            "p(90)": 1068.66418,
            "p(95)": 1083.31466,
            "avg": 1065.9363494223749,
            "min": 1039.6013,
            "med": 1051.6571,
            "max": 6631.7269
        },
        "http_req_failed": {
            "passes": 0,
            "fails": 3549,
            "value": 0
        },
        "http_req_connecting": {
            "avg": 0.304403550295858,
            "min": 0,
            "med": 0,
            "max": 27.4734,
            "p(90)": 0,
            "p(95)": 0
        },
        "data_sent": {
            "count": 475011,
            "rate": 3603.924208385386
        },
        "http_req_blocked": {
            "avg": 0.7610432516201746,
            "min": 0,
            "med": 0,
            "max": 86.0535,
            "p(90)": 0,
            "p(95)": 0
        },
        "http_req_duration{expected_response:true}": {
            "avg": 64.60883958861656,
            "min": 39.2017,
            "med": 51.0295,
            "max": 5631.1954,
            "p(90)": 66.73102,
            "p(95)": 75.72793999999999
        }
    },
    "root_group": {
        "name": "",
        "path": "",
        "id": "d41d8cd98f00b204e9800998ecf8427e",
        "groups": {},
        "checks": {
                "Login request returned 200": {
                    "name": "Login request returned 200",
                    "path": "::Login request returned 200",
                    "id": "572a92ec029029b4b9c772e6bd54fb50",
                    "passes": 3549,
                    "fails": 0
                }
            }
    }
}