{
    "root_group": {
        "groups": {},
        "checks": {
                "Login request returned 200": {
                    "name": "Login request returned 200",
                    "path": "::Login request returned 200",
                    "id": "572a92ec029029b4b9c772e6bd54fb50",
                    "passes": 1874,
                    "fails": 0
                },
                "Play request returned 200": {
                    "name": "Play request returned 200",
                    "path": "::Play request returned 200",
                    "id": "81a35480d3fa4312b9306d0c2c265fcb",
                    "passes": 1874,
                    "fails": 0
                }
            },
        "name": "",
        "path": "",
        "id": "d41d8cd98f00b204e9800998ecf8427e"
    },
    "metrics": {
        "http_req_blocked": {
            "avg": 0.859661312700107,
            "min": 0,
            "med": 0,
            "max": 344.1572,
            "p(90)": 0,
            "p(95)": 0
        },
        "http_req_tls_handshaking": {
            "avg": 0.46321963713980807,
            "min": 0,
            "med": 0,
            "max": 112.8431,
            "p(90)": 0,
            "p(95)": 0
        },
        "play_duration": {
            "avg": 64.2447939701174,
            "min": 42.6803,
            "med": 60.382400000000004,
            "max": 2753.463,
            "p(90)": 76.51798000000001,
            "p(95)": 84.07629999999999
        },
        "login_duration": {
            "min": 42.2843,
            "med": 61.4094,
            "max": 1782.3101,
            "p(90)": 79.67647000000001,
            "p(95)": 88.30523,
            "avg": 66.02534615795089
        },
        "vus_max": {
            "value": 35,
            "min": 35,
            "max": 35
        },
        "vus": {
            "min": 1,
            "max": 35,
            "value": 3
        },
        "data_received": {
            "count": 383341,
            "rate": 3825.293469364941
        },
        "http_req_failed": {
            "passes": 0,
            "fails": 3748,
            "value": 0
        },
        "iteration_duration": {
            "p(90)": 1156.20738,
            "p(95)": 1171.366845,
            "avg": 1133.8592007470652,
            "min": 1094.8105,
            "med": 1125.6031,
            "max": 3813.3882
        },
        "http_reqs": {
            "count": 3748,
            "rate": 37.40064309108548
        },
        "http_req_duration": {
            "avg": 65.13507006403432,
            "min": 42.2843,
            "med": 61.0132,
            "max": 2753.463,
            "p(90)": 78.37696,
            "p(95)": 86.33651499999999
        },
        "http_req_duration{expected_response:true}": {
            "p(95)": 86.33651499999999,
            "avg": 65.13507006403432,
            "min": 42.2843,
            "med": 61.0132,
            "max": 2753.463,
            "p(90)": 78.37696
        },
        "http_req_connecting": {
            "p(90)": 0,
            "p(95)": 0,
            "avg": 0.36616806296691573,
            "min": 0,
            "med": 0,
            "max": 187.2903
        },
        "data_sent": {
            "count": 385022,
            "rate": 3842.0678773254836
        },
        "http_req_waiting": {
            "min": 38.7876,
            "med": 59.78715,
            "max": 2753.463,
            "p(90)": 77.47256,
            "p(95)": 84.77864499999995,
            "avg": 63.944842822839036
        },
        "http_req_receiving": {
            "avg": 0.6368823906083251,
            "min": 0,
            "med": 0,
            "max": 7.985,
            "p(90)": 2.1036300000000003,
            "p(95)": 3.17313
        },
        "checks": {
            "passes": 3748,
            "fails": 0,
            "value": 1
        },
        "http_req_sending": {
            "med": 0.5208,
            "max": 8.0244,
            "p(90)": 1.08556,
            "p(95)": 1.5385149999999974,
            "avg": 0.5533448505869795,
            "min": 0
        },
        "iterations": {
            "count": 1874,
            "rate": 18.70032154554274
        }
    }
}