{
    "root_group": {
        "name": "",
        "path": "",
        "id": "d41d8cd98f00b204e9800998ecf8427e",
        "groups": {},
        "checks": {
                "Login request returned 200": {
                    "name": "Login request returned 200",
                    "path": "::Login request returned 200",
                    "id": "572a92ec029029b4b9c772e6bd54fb50",
                    "passes": 3542,
                    "fails": 0
                }
            }
    },
    "metrics": {
        "http_req_blocked": {
            "avg": 0.7467845849802374,
            "min": 0,
            "med": 0,
            "max": 87.1794,
            "p(90)": 0,
            "p(95)": 0
        },
        "http_reqs": {
            "rate": 27.15902233337857,
            "count": 3542
        },
        "http_req_duration": {
            "p(90)": 67.37376,
            "p(95)": 75.414965,
            "avg": 66.399653585545,
            "min": 39.3475,
            "med": 51.397149999999996,
            "max": 4356.0682
        },
        "http_req_connecting": {
            "avg": 0.29307092038396376,
            "min": 0,
            "med": 0,
            "max": 27.3405,
            "p(90)": 0,
            "p(95)": 0
        },
        "http_req_sending": {
            "avg": 0.03169082439299827,
            "min": 0,
            "med": 0,
            "max": 1.0003,
            "p(90)": 0.16469000000000003,
            "p(95)": 0.190095
        },
        "http_req_duration{expected_response:true}": {
            "avg": 66.399653585545,
            "min": 39.3475,
            "med": 51.397149999999996,
            "max": 4356.0682,
            "p(90)": 67.37376,
            "p(95)": 75.414965
        },
        "http_req_receiving": {
            "med": 0,
            "max": 1.223,
            "p(90)": 0,
            "p(95)": 0.18154999999999763,
            "avg": 0.03863054771315641,
            "min": 0
        },
        "http_req_failed": {
            "passes": 0,
            "fails": 3542,
            "value": 0
        },
        "http_req_tls_handshaking": {
            "avg": 0.44670979672501415,
            "min": 0,
            "med": 0,
            "max": 45.5443,
            "p(90)": 0,
            "p(95)": 0
        },
        "checks": {
            "passes": 3542,
            "fails": 0,
            "value": 1
        },
        "data_received": {
            "count": 442625,
            "rate": 3393.9193281512394
        },
        "http_req_waiting": {
            "avg": 66.3293322134388,
            "min": 39.3475,
            "med": 51.3234,
            "max": 4356.0682,
            "p(90)": 67.33216,
            "p(95)": 75.38803499999999
        },
        "vus": {
            "value": 4,
            "min": 1,
            "max": 50
        },
        "vus_max": {
            "value": 50,
            "min": 50,
            "max": 50
        },
        "data_sent": {
            "count": 473047,
            "rate": 3627.1863460580835
        },
        "login_duration": {
            "min": 39.3475,
            "med": 51.397149999999996,
            "max": 4356.0682,
            "p(90)": 67.37376,
            "p(95)": 75.414965,
            "avg": 66.399653585545
        },
        "iteration_duration": {
            "p(95)": 1080.30279,
            "avg": 1067.7264562958785,
            "min": 1039.5927,
            "med": 1052.0621,
            "max": 5356.4026,
            "p(90)": 1069.7105199999999
        },
        "iterations": {
            "count": 3542,
            "rate": 27.15902233337857
        }
    }
}