{
    "metrics": {
        "http_req_blocked": {
            "avg": 0.7721965816917731,
            "min": 0,
            "med": 0,
            "max": 97.6992,
            "p(90)": 0,
            "p(95)": 0
        },
        "iterations": {
            "count": 3452,
            "rate": 21.601985389165517
        },
        "http_req_duration": {
            "avg": 94.54856025492467,
            "min": 38.8043,
            "med": 50.6281,
            "max": 60000.129,
            "p(90)": 67.09582,
            "p(95)": 74.62169999999996
        },
        "http_req_receiving": {
            "max": 1.4705,
            "p(90)": 0,
            "p(95)": 0.2094,
            "avg": 0.0360842989571263,
            "min": 0,
            "med": 0
        },
        "vus": {
            "value": 1,
            "min": 1,
            "max": 50
        },
        "iteration_duration": {
            "max": 61001.2032,
            "p(90)": 1068.74804,
            "p(95)": 1078.8215249999998,
            "avg": 1095.8839677867898,
            "min": 1039.5024,
            "med": 1051.3089
        },
        "http_req_duration{expected_response:true}": {
            "p(95)": 74.50271,
            "avg": 59.8338708405797,
            "min": 38.8043,
            "med": 50.626599999999996,
            "max": 3521.4411,
            "p(90)": 67.00204000000001
        },
        "http_req_failed": {
            "passes": 2,
            "fails": 3450,
            "value": 0.0005793742757821553
        },
        "http_req_tls_handshaking": {
            "avg": 0.4616482908458864,
            "min": 0,
            "med": 0,
            "max": 60.044,
            "p(90)": 0,
            "p(95)": 0
        },
        "checks": {
            "passes": 3450,
            "fails": 2,
            "value": 0.9994206257242179
        },
        "login_duration": {
            "p(95)": 74.62169999999996,
            "avg": 94.54856025492467,
            "min": 38.8043,
            "med": 50.6281,
            "max": 60000.129,
            "p(90)": 67.09582
        },
        "http_req_sending": {
            "p(95)": 0.169545,
            "avg": 0.02479064310544615,
            "min": 0,
            "med": 0,
            "max": 1.0008,
            "p(90)": 0.12788000000000002
        },
        "data_received": {
            "count": 435214,
            "rate": 2723.489707172735
        },
        "http_req_connecting": {
            "avg": 0.3051298667439166,
            "min": 0,
            "med": 0,
            "max": 27.3792,
            "p(90)": 0,
            "p(95)": 0
        },
        "http_req_waiting": {
            "avg": 94.48768531286223,
            "min": 38.8043,
            "med": 50.593900000000005,
            "max": 60000.129,
            "p(90)": 66.99733,
            "p(95)": 74.53124
        },
        "vus_max": {
            "min": 50,
            "max": 50,
            "value": 50
        },
        "http_reqs": {
            "count": 3452,
            "rate": 21.601985389165517
        },
        "data_sent": {
            "count": 461005,
            "rate": 2884.8850736767813
        }
    },
    "root_group": {
        "id": "d41d8cd98f00b204e9800998ecf8427e",
        "groups": {},
        "checks": {
                "Login request returned 200": {
                    "fails": 2,
                    "name": "Login request returned 200",
                    "path": "::Login request returned 200",
                    "id": "572a92ec029029b4b9c772e6bd54fb50",
                    "passes": 3450
                }
            },
        "name": "",
        "path": ""
    }
}