{
    "metrics": {
        "iteration_duration": {
            "p(90)": 1080.5329,
            "p(95)": 1093.5791199999999,
            "avg": 1071.2386309966212,
            "min": 1043.2028,
            "med": 1062.6030999999998,
            "max": 2757.2075
        },
        "checks": {
            "passes": 1184,
            "fails": 0,
            "value": 1
        },
        "http_req_tls_handshaking": {
            "avg": 1.0632899493243242,
            "min": 0,
            "med": 0,
            "max": 149.1647,
            "p(90)": 0,
            "p(95)": 0
        },
        "data_received": {
            "count": 174616,
            "rate": 2171.0815790530364
        },
        "http_req_failed": {
            "passes": 0,
            "fails": 1184,
            "value": 0
        },
        "vus": {
            "value": 2,
            "min": 1,
            "max": 25
        },
        "iterations": {
            "rate": 14.721220218071625,
            "count": 1184
        },
        "http_req_receiving": {
            "p(90)": 2.2066900000000005,
            "p(95)": 3.6753399999999994,
            "avg": 0.6760531250000004,
            "min": 0,
            "med": 0,
            "max": 7.4321
        },
        "http_req_duration{expected_response:true}": {
            "p(95)": 86.12788999999995,
            "avg": 67.78953167229733,
            "min": 42.9885,
            "med": 61.035849999999996,
            "max": 1756.3878,
            "p(90)": 76.80482
        },
        "vus_max": {
            "value": 25,
            "min": 25,
            "max": 25
        },
        "http_req_duration": {
            "p(90)": 76.80482,
            "p(95)": 86.12788999999995,
            "avg": 67.78953167229733,
            "min": 42.9885,
            "med": 61.035849999999996,
            "max": 1756.3878
        },
        "login_duration": {
            "avg": 67.78953167229733,
            "min": 42.9885,
            "med": 61.035849999999996,
            "max": 1756.3878,
            "p(90)": 76.80482,
            "p(95)": 86.12788999999995
        },
        "data_sent": {
            "rate": 2027.1642445731554,
            "count": 163041
        },
        "http_req_sending": {
            "min": 0,
            "med": 0.55115,
            "max": 18.1613,
            "p(90)": 1.03678,
            "p(95)": 1.4885849999999994,
            "avg": 0.630967989864865
        },
        "http_req_connecting": {
            "p(90)": 0,
            "p(95)": 0,
            "avg": 1.1106573479729727,
            "min": 0,
            "med": 0,
            "max": 361.6969
        },
        "http_reqs": {
            "count": 1184,
            "rate": 14.721220218071625
        },
        "http_req_waiting": {
            "min": 40.8081,
            "med": 59.6611,
            "max": 1755.4139,
            "p(90)": 75.7642,
            "p(95)": 84.570635,
            "avg": 66.48251055743248
        },
        "http_req_blocked": {
            "min": 0,
            "med": 0,
            "max": 461.139,
            "p(90)": 0,
            "p(95)": 0,
            "avg": 2.2485739864864867
        }
    },
    "root_group": {
        "checks": {
            "Login request returned 200": {
                "name": "Login request returned 200",
                "path": "::Login request returned 200",
                "id": "572a92ec029029b4b9c772e6bd54fb50",
                "passes": 1184,
                "fails": 0
            }
        },
        "name": "",
        "path": "",
        "id": "d41d8cd98f00b204e9800998ecf8427e",
        "groups": {}
    }
}