{
    "root_group": {
        "checks": {
            "Login request returned 200": {
                "name": "Login request returned 200",
                "path": "::Login request returned 200",
                "id": "572a92ec029029b4b9c772e6bd54fb50",
                "passes": 264,
                "fails": 0
            }
        },
        "name": "",
        "path": "",
        "id": "d41d8cd98f00b204e9800998ecf8427e",
        "groups": {}
    },
    "metrics": {
        "iteration_duration": {
            "avg": 1080.6930806818184,
            "min": 1042.7831,
            "med": 1063.76345,
            "max": 3396.0136,
            "p(90)": 1088.18195,
            "p(95)": 1115.1785849999999
        },
        "checks": {
            "passes": 264,
            "fails": 0,
            "value": 1
        },
        "http_req_tls_handshaking": {
            "med": 0,
            "max": 85.0096,
            "p(90)": 0,
            "p(95)": 0,
            "avg": 1.730005681818182,
            "min": 0
        },
        "vus_max": {
            "value": 10,
            "min": 10,
            "max": 10
        },
        "data_received": {
            "rate": 1504.7105591240631,
            "count": 53057
        },
        "login_duration": {
            "p(95)": 91.10921499999998,
            "avg": 76.24019015151518,
            "min": 42.0905,
            "med": 62.01905,
            "max": 2395.7824,
            "p(90)": 78.27669
        },
        "iterations": {
            "count": 264,
            "rate": 7.487109855603458
        },
        "http_req_connecting": {
            "avg": 1.214223106060606,
            "min": 0,
            "med": 0,
            "max": 46.1485,
            "p(90)": 0,
            "p(95)": 0
        },
        "http_req_sending": {
            "p(95)": 1.6540149999999998,
            "avg": 0.6260943181818179,
            "min": 0,
            "med": 0.5438000000000001,
            "max": 3.9942,
            "p(90)": 1.1801800000000002
        },
        "vus": {
            "value": 2,
            "min": 2,
            "max": 10
        },
        "http_req_waiting": {
            "p(90)": 77.94842,
            "p(95)": 89.95845999999999,
            "avg": 75.05302310606056,
            "min": 40.6334,
            "med": 61.026250000000005,
            "max": 2394.2095
        },
        "http_reqs": {
            "count": 264,
            "rate": 7.487109855603458
        },
        "http_req_duration": {
            "p(90)": 78.27669,
            "p(95)": 91.10921499999998,
            "avg": 76.24019015151518,
            "min": 42.0905,
            "med": 62.01905,
            "max": 2395.7824
        },
        "http_req_receiving": {
            "p(95)": 2.980979999999998,
            "avg": 0.5610727272727272,
            "min": 0,
            "med": 0,
            "max": 5.9557,
            "p(90)": 1.8135900000000003
        },
        "data_sent": {
            "count": 38817,
            "rate": 1100.8603911551493
        },
        "http_req_duration{expected_response:true}": {
            "med": 62.01905,
            "max": 2395.7824,
            "p(90)": 78.27669,
            "p(95)": 91.10921499999998,
            "avg": 76.24019015151518,
            "min": 42.0905
        },
        "http_req_blocked": {
            "p(95)": 0,
            "avg": 3.086415530303031,
            "min": 0,
            "med": 0,
            "max": 144.4249,
            "p(90)": 0
        },
        "http_req_failed": {
            "passes": 0,
            "fails": 264,
            "value": 0
        }
    }
}